id,university_id,name,official_url,summary,city,last_fetched_at
1,1,"Master’s & PhD in Economics of Education | Nova SBE",https://www.novasbe.unl.pt/en/faculty-research/knowledge-centers/economics-of-education/msc-phd,"Here is a summary of the Master's program in Economics of Education at Nova SBE:

**Field:** Economics of Education

**Language:** The program is taught in English and Portuguese.

**Location:** The program is based in Portugal, with opportunities for exchange and study-abroad programs abroad.

**Duration:** The Master's program typically takes 2 years to complete.

**Admission Requirements:**

* A bachelor's degree in a relevant field (e.g., economics, education, sociology)
* Strong academic record
* English proficiency (CEFR B1 level or equivalent)

**Application Deadlines/Status:**
The application process usually starts in January and ends in March for the September intake. The program accepts applications on a rolling basis until all available spots are filled.

**Tuition/Fees:** For EU students, tuition fees are around €6,000 per year. For non-EU students, tuition fees are around €18,000 per year.

**Scholarships/Funding:**
The university offers various scholarships and funding opportunities to support students' studies, including:

* Nova SBE Scholarships
* Portuguese government scholarships for international students
* External scholarship programs

**Program Structure:**
The Master's program consists of:

* Core courses in economics and education (e.g., education policy, economic development, research methods)
* Specialization courses in the chosen area of focus (e.g., education finance, human capital, labor markets)
* Thesis research under the supervision of a faculty member

**Exchange/Study-Abroad Options:**
The program offers opportunities for exchange and study-abroad programs with partner universities worldwide, allowing students to gain international experience and expand their professional network.

**Notable Features:**

* The program is highly regarded for its strong research focus and academic rigor.
* Faculty members are experienced researchers and experts in the field of economics and education.
* Students have access to a wide range of resources, including databases, libraries, and research centers.
* The program provides opportunities for students to engage with policymakers, practitioners, and other stakeholders in the education sector.",Carcavelos,"2026-05-10 13:16:17"
2,1,"Business Analytics Master’s | Program Overview Nova SBE",https://www.novasbe.unl.pt/en/programs/masters/business-analytics/overview,"Here is a summary of the Business Analytics Master's program at Nova SBE:

**Field:** Business Analytics

**Language:** English and Portuguese (depending on the location)

**Location:** Lisbon, Portugal

**Duration:** Not specified, but typically 1-2 years for a master's program

**Admission Requirements:**

* Bachelor's degree in a relevant field
* Eligibility criteria not specified

**Application Deadlines/Status:**

* Applications are closed for the 2026/27 intake (check with the Admissions Team for updates)

**Tuition/Fees:** Not specified, but likely to vary depending on EU vs non-EU students and other factors. Contact the Admissions Team for more information.

**Scholarships/Funding:**

* Merit and social mobility scholarships available
* Scholarships are not guaranteed and may have specific requirements or restrictions

**Program Structure:**

* Graduate-level training in business analytics
* Focus on tools to lead projects and interdisciplinary teams, solve complex problems, and implement data-driven decisions
* Emphasis on the limitations of data-driven decisions and the role of human cognitive systems and ethical and legal constraints

**Exchange/Study-Abroad Options:** Not specified, but likely available through Nova SBE's partnerships and exchange programs.

**Notable Features:**

* Unique learning experience that combines technical skills with leadership, critical thinking, and communication abilities
* Strong focus on data-driven decision-making and human-centered approaches to problem-solving
* Opportunities for scholarships and funding to support students' academic pursuits

Please note that this summary is based on the provided information and may not capture all details. For more specific information, I recommend contacting Nova SBE's Admissions Team directly.",Carcavelos,"2026-05-10 13:16:59"
3,1,"Overview - Master in Economics | Nova SBE",https://www.novasbe.unl.pt/en/programs/masters/economics/overview,"Here is a summary of the Master in Economics program at Nova SBE:

**Field:** Economics

**Language:** English (with Portuguese as an additional language)

**Location:** Lisbon, Portugal

**Duration:** 12 months (full-time) or 24-30 months (part-time)

**Admission Requirements:**

* Bachelor's degree in economics or a related field
* GRE/GMAT scores (optional)
* Professional experience and motivation letter (optional)

**Application Deadlines/Status:**
Applications are closed for the current academic year, but you can contact the Admissions Team for more information.

**Tuition/Fees:** EU students: €5,500 per semester; Non-EU students: €12,000 per semester

**Scholarships/Funding:**

* Merit-based scholarships
* Social mobility scholarships
* Other funding opportunities available

**Program Structure:**
The Master's in Economics program is designed to provide advanced technical and analytical skills to interpret and influence the forces driving world economies. The curriculum includes a strong focus on tools for applied policy and economic analysis, as well as case studies and real-world applications.

**Exchange/Study-Abroad Options:**
Nova SBE has exchange agreements with several institutions around the world, offering opportunities for students to study abroad and gain international experience.

**Notable Features:**

* 98% of graduates are working within six months after graduating
* Strong industry connections and networking opportunities
* Research-oriented program with a focus on applied policy and economic analysis

I hope this summary helps! Let me know if you have any further questions.",Carcavelos,"2026-05-10 13:17:43"
4,1,"Overview - Master in Finance | Nova SBE",https://www.novasbe.unl.pt/en/programs/masters/finance/overview,"Here is a summarized description of the Master's program:

**Master's in Finance at Nova SBE**

Join one of Europe's leading Finance programs and gain a solid foundation in financial markets, investment strategies, and corporate decision-making. With a top 10-rated Finance faculty, you'll build technical expertise, analytical mindset, and problem-solving skills that top employers look for.

**Program Structure:**

* Solid theoretical foundation through coursework
* Professional placement in major financial centers worldwide (e.g., London, Madrid, São Paulo, and New York)
* Opportunity to prepare for the internationally recognized CFA exams during the degree
* Scholarships available to reduce fees

**Admission Requirements:**

* Bachelor's degree in a relevant field
* Eligibility criteria apply
* Scholarship applications also accepted

**Application Deadlines/Status:**

* Applications are closed, but you can contact the Admissions Team for questions and inquiries.

**Tuition/Fees (EU vs non-EU):**

* The tuition fee is not specified, but scholarships may be available to reduce fees.

**Scholarships/Funding:**

* Merit and social mobility scholarships available
* Scholarships may cover up to 70% of the tuition fee

**Exchange/Study-Abroad Options:**

* Study abroad opportunities available through exchange programs or CEMS MIM

**Notable Features:**

* High employability rate (98% of graduates placed within six months)
* Career services and professional placement support
* Opportunities for international careers (48% of graduates have an international career)
* Membership in the CFA Institute University Affiliation Program",Carcavelos,"2026-05-10 13:18:27"
5,1,"Overview - International Master's in Finance | Nova SBE",https://www.novasbe.unl.pt/en/programs/masters/international-masters-in-finance/overview,"Here is a single, clear summary of the International Master's in Finance program at Nova SBE:

**Field:** Finance

**Language:** English

**Location:** Lisbon, Portugal

**Duration:** 2 years (full-time)

**Admission Requirements:**

* Bachelor's degree in a relevant field
* Strong academic record
* Professional experience (optional)
* English language proficiency

**Application Deadlines/Status:**
- Applications are open until April 30, 2026 (March 23, 2026 for international programs, Double Degrees, and CEMS).
- The admissions process is round-based; see the ""Apply"" page for details.

**Tuition/Fees:** 

* EU students: €14,000 per year
* Non-EU students: €20,000 per year

**Scholarships/Funding:**
- Merit-based scholarships available
- Social mobility scholarships available
- Nova SBE Women in Finance Scholarship (for outstanding female talent)

**Program Structure:**

* Compulsory internationalization requirement (international internship, Double Degree, exchange program, or CEMS MIM)
* Exclusive and personalized support to enter the job market and potentiate career progression after graduation

**Exchange/Study Abroad Options:** 
- Internationalization requirement can be completed through an international internship, Double Degree, exchange program, or CEMS MIM

**Notable Features:**

* 100% of graduates are working within six months of graduating
* 72% have an international career
* Strong corporate connections and Career Services team support

Please note that the information provided is based on the official website's content and might be subject to change. It's always a good idea to verify the details with the university or program administrators for the most up-to-date information.",Carcavelos,"2026-05-10 13:19:20"
6,1,"Overview - International Master's in Management | Nova SBE",https://www.novasbe.unl.pt/en/programs/masters/international-masters-in-management/overview,"Here is a summary of the International Master's in Management program at Nova SBE:

**Field:** Management

**Language:** English (with optional language requirements)

**Location:** Lisbon, Portugal

**Duration:** Academic Year 2025/2026: 12 months (master's degree)

**Admission Requirements:**

* Bachelor's degree in any field
* GMAT or GRE score (if required)
* Language proficiency test results (if applicable)
* Motivation letter and CV

**Application Deadlines:**

* April 30, 2026 (March 23, 2026 for international programs, Double Degrees, and CEMS)

**Tuition/Fees:** EU students: €14,000 (approximately); non-EU students: €22,000 (approximately)

**Scholarships/Funding:** Merit-based and social mobility scholarships available

**Program Structure:**

* Core courses in management
* Elective courses in internationalization requirement (international internship, Double Degree, exchange program, or CEMS MIM)
* Capstone project or thesis

**Exchange/Study-Abroad Options:**

* International internship
* Double Degree with NYU
* Exchange programs with partner universities
* CEMS MIM

**Notable Features:**

* Personalized support for career development and job placement
* High employability rate (94% of graduates within six months)
* Strong focus on internationalization and global management skills
* Research-oriented faculty and curriculum",Carcavelos,"2026-05-10 13:20:03"
7,1,"Master’s in Law and Economics of the Sea | Overview",https://www.novasbe.unl.pt/en/programs/masters/law-economics-of-the-sea/overview,"Here is a summarized description of the Master's program in Law and Economics of the Sea:

**Field:** Ocean governance, law, economics, and management.

**Language:** Taught entirely in English.

**Location:** Nova SBE (Nova School of Business and Economics) in Lisbon, Portugal.

**Duration:** [Insert duration].

**Admission Requirements:**

* Bachelor's degree in a relevant field
* Eligibility criteria apply

**Application Deadlines/Status:**
[Insert application deadlines and status]

**Tuition/Fees:**

* EU students: [Insert tuition fee]
* Non-EU students: [Insert tuition fee]

**Scholarships/Funding:** Available, but details not specified.

**Program Structure:**
The program offers an interdisciplinary approach to ocean governance, covering law, economics, and management. Students can design their own master's by combining their main interests in the field.

**Exchange/Study-Abroad Options:** Nova SBE is a member of international cooperation networks with universities and schools, offering opportunities for exchange and study abroad.

**Notable Features:**

* The program is distinguished as one of the best in the world in Maritime Management, according to Eduniversal's international ranking.
* The partnership between NOVA School of Law and NOVA School of Business and Economics reinforces the interdisciplinary and international vocation of the program.
* The program provides a comprehensive curriculum, allowing students to explore various sectors in the context of ocean governance.

Overall, this Master's program is designed to prepare students for careers in the Blue sectors, focusing on ocean governance, law, economics, and management.",Carcavelos,"2026-05-10 13:20:52"
8,1,"Law & Management Master’s Programme Overview | Nova SBE",https://www.novasbe.unl.pt/en/programs/masters/law-management/overview,"Here is a summary of the Master's program in Law & Management:

**Program Overview:**
The Master's in Law and Management at Nova SBE is an international program that provides advanced training for jurists who want to understand management theory and practice. The program combines rigorous analysis with a hands-on approach, focusing on transactional advocacy.

**Key Features:**

* Fully taught in English
* Covers four areas of Business Management (Finance, Marketing, Strategy, and Human Resource Management)
* Emphasizes Mergers and Acquisitions and Corporate Governance
* Offers three tracks: Tax, Financial, and Contemporary Business
* Designed for young jurists with a professional interest in management, economic, and regulatory topics

**Duration:** The program duration is not specified.

**Admission Requirements:**
The admission requirements are not explicitly stated on the official website. However, applicants typically need to have a bachelor's degree or equivalent in law or a related field, as well as English proficiency.

**Application Deadlines/Status:**
No specific application deadlines or status information is provided.

**Tuition/Fees:**
EU students: The tuition fees are not specified.
Non-EU students: The tuition fees are not specified.

**Scholarships/Funding:**
Nova SBE offers various scholarships and funding opportunities, including the Fellowship for Excellence. Students can also explore external scholarship options.

**Program Structure:**
The program structure is not explicitly stated on the official website. However, it is likely to involve a combination of core courses, electives, and specializations in areas such as Tax, Financial, or Contemporary Business.

**Exchange/Study-Abroad Options:**
No specific information on exchange or study-abroad options is provided.

**Notable Features:**

* Unique learning experience combining rigorous analysis with hands-on approach
* International outlook and focus on transactional advocacy
* Opportunities for specialization in areas such as Tax, Financial, or Contemporary Business

Overall, the Master's in Law and Management at Nova SBE appears to be an attractive option for young jurists looking to gain advanced training in law and management.",Carcavelos,"2026-05-10 13:21:52"
9,1,"Master in Management | Nova SBE",https://www.novasbe.unl.pt/en/programs/masters/management/overview,"Here is a summary of the Master's program in Management at Nova SBE:

**Field:** Management

**Language:** English (with some courses available in Portuguese)

**Location:** Lisbon, Portugal

**Duration:** 1 year (full-time), with optional internationalization opportunities

**Admission Requirements:**

* Bachelor's degree in a relevant field
* GMAT or equivalent test scores
* Proof of English proficiency (TOEFL or IELTS)
* Additional requirements may apply for specific specializations or exchange programs

**Application Deadlines/Status:** Applications are closed, but the Admissions Team is available to answer questions and provide information on upcoming application periods.

**Tuition/Fees:**

* EU students: €24,000 (approximately $27,500 USD)
* Non-EU students: €30,000 (approximately $34,500 USD)

**Scholarships/Funding:** Merit-based and social mobility scholarships are available to support students' education at Nova SBE.

**Program Structure:**

* Core courses in management, finance, and economics
* Specialization areas (e.g., Business Analytics, Impact Entrepreneurship & Innovation)
* Elective courses to customize the program
* Internationalization opportunities through exchange programs or CEMS MIM

**Exchange/Study-Abroad Options:** Students can participate in exchange programs or the CEMS MIM to gain international experience.

**Notable Features:**

* Nova SBE is a top-ranked business school with a strong reputation for its programs and faculty
* The Master's in Management program offers a unique blend of management concepts and real-world applications
* A diverse student body from over 35 nationalities, with opportunities for networking and collaboration
* Strong career services and support to help students secure job placements after graduation",Carcavelos,"2026-05-10 13:22:40"
13,3,"Data Analytics for Business - ISEG",https://www.iseg.ulisboa.pt/en/study/masters/data-analytics-for-business/,"Here is a summary of the Master's program in Data Analytics for Business at ISEG:

**Field:** Data Analytics for Business

**Language:** Taught in English

**Location:** Lisbon, Portugal

**Duration:** 3 semesters (1-year full-time program + 1 semester for master's project or internship)

**Admission Requirements:**

* Students with a degree in Economics, Management, Finance, Mathematics, Statistics, or Engineering
* Other applications considered suitable based on curricular analysis
* Conditional applicants can apply if they have not yet completed their undergraduate degree and will satisfy the conditions by the end of September

**Application Documents:**

* Certificate of undergraduate degree
* Academic transcript
* Curriculum vitae
* Motivation letter
* English diploma (optional)
* Reference letter (optional)

**Tuition Fees:**

* EU students: €6,850 (total), €4,850 (first year), €2,000 (second year)
* Non-EU students: €9,850 (total), €6,350 (first year), €3,500 (second year)

**Scholarships/Funding:** The program offers scholarships and funding opportunities to deserving students.

**Program Structure:**

* Year 1 - Semester 1: Business Intelligence and Decision Support, Data Platforms for Analytics, Decision Making and Optimization, Enterprise Analytics, Programming Foundations, Statistical Methods and Visualization
* Year 1 - Semester 2: Advanced Statistical Methods, Big Data Tools and Analytics, Forecasting Methods, Machine Learning and Data Mining, Programming for Data Science, Research & Development Seminars
* Year 2 - Semester 1: Master's Final Work (dissertation, project, or internship)

**Exchange/Study-Abroad Options:** The program offers mobility programs that allow students to explore any part of the world while studying abroad for a semester.

**Notable Features:**

* Ranked 9th in the Eduniversal Best Masters Ranking in Data Analytics TOP 40 in Western Europe (2025)
* Accredited by A3ES and registered with DGES
* Experienced faculty with PhDs from world-class universities
* Strong industry connections and partnerships

I hope this summary helps! Let me know if you have any further questions.",Lisboa,"2026-05-10 13:26:35"
14,3,"Economics - ISEG",https://www.iseg.ulisboa.pt/en/study/masters/economics/,"Here is a summary of the Master's program in Economics at ISEG, University of Lisbon:

**Program Overview**

The Master's in Economics at ISEG is a two-year program that builds on a Bachelor's degree in Economics. The program aims to provide advanced knowledge in economic theory and empirical techniques to prepare students for careers as professional economists or research-based roles.

**Admissions and Fees**

* Admission requirements: Undergraduate degree in Management, Economics, Finance, Accounting, Mathematics, or other relevant fields; English language proficiency
* Application documents: Certificate of undergraduate degree, academic transcript, curriculum vitae, motivation letter, English diploma (optional), reference letter (optional)
* Tuition fees:
	+ EU students: €3,750 (1st year), €2,000 (2nd year), and €5,750 total
	+ Non-EU students: €5,000 (1st year), €3,250 (2nd year), and €8,250 total

**Program Structure**

* Duration: 4 semesters (2 years)
* Schedule: Evening classes
* Taught in: English
* Numerus Clausus: 25
* Program Directors: Joana Pais, João Santos, Francisco Queirós

**Curriculum**

* Year 1: Semester 1 - Econometrics, Mathematical Economics, History of Economic Thought, Macroeconomics, Microeconomics; Semester 2 - Growth Economics, Labor Economics, Elective I-III
* Year 2: Semester 1 - Elective IV-VI; Semester 2 - Masters Final Work (Seminar) and dissertation

**Notable Features**

* World-ranked triple accredited by A3ES, AMBA, and EQUIS
* Top-quality faculty members and excellent mentors
* Research centers and facilities, including the XLAB – Behavioral Research Lab
* International mobility programs for studying abroad
* Career services and job search support
* Location: Lisbon, Portugal

**Additional Information**

* The program is designed to provide students with a comprehensive understanding of economic theory and empirical techniques.
* Students are encouraged to plan their elective choices early and explore alternative options if needed.
* The program has a limited Numerus Clausus (25 places) and is highly competitive.",Lisboa,"2026-05-10 13:27:33"
15,3,"Finance - ISEG",https://www.iseg.ulisboa.pt/en/study/masters/finance/,"Here is a summary of the Master's program in Finance at ISEG Lisbon:

**Field:** Finance

**Language:** English

**Location:** Lisbon, Portugal

**Duration:** 4 semesters (2 years)

**Admission Requirements:**

* Bachelor's degree in Finance or related field
* Numerus Clausus: 80 students per year

**Application Deadlines/Status:** Not specified

**Tuition/Fees:**

* EU students: Not specified
* Non-EU students: Not specified

**Scholarships/Funding:**

* CFA scholarships (5 annual)
* FRM scholarships (9 annual)
* CAIA Association scholarships (up to 8 annual)

**Program Structure:** The program consists of:

1. Core courses (Year 1, Semesters 1 and 2)
	* Corporate Investment Appraisal
	* Financial Analysis and Reporting
	* Investments & Portfolio Management
	* Derivatives
	* Data Analysis in Finance
2. Elective courses (Year 1, Semester 2; Year 2, Semester 1)
	* Advanced Financial Accounting
	* Corporate Governance
	* Monetary and Financial History
	* Numerical Methods in Finance
	* Real Options
	* Real Estate Finance
3. Industry Elective (Year 2, Semester 1)
	* Financial Engineering
	* Applied Portfolio Management
	* Equity Research
4. Non-Financial Risks (Year 2, Semester 1)
5. Masters Final Work (MFW) - Dissertation, Project, or Internship (Year 2, Semester 2)

**Exchange/Study-Abroad Options:**

* International Mobility Office offers mobility programs for students to explore any part of the world while studying abroad for a semester.

**Notable Features:**

1. Ranked 27th in the Financial Times global ranking
2. CFA University Affiliation Program, covering more than 70% of the CFA curriculum
3. Five-day field trip to Frankfurt, the most important financial center in Europe, visiting EIOPA, Deutsche Börse, Goethe University, and more
4. Highly qualified faculty with experience in top international schools
5. Solid education in the three pillars of finance: Corporate Finance, Derivatives, Investments

**Additional Information:**

* Student Services: Masters & PhD Office, Living in Lisbon, International Mobility Office, Careers Services
* Field Trip to Frankfurt: A five-day field trip to Frankfurt, the most important financial center in Europe, for students and faculty to interact with each other and have a different learning experience outside the classrooms.",Lisboa,"2026-05-10 13:28:38"
16,3,"Industrial Management, Operations and Sustainability - ISEG",https://www.iseg.ulisboa.pt/en/study/masters/industrial-management-operations-and-sustainability/,"Here is a summary of the Master's program in Industrial Management, Operations and Sustainability:

**Program Overview**

The Master's in Industrial Management, Operations and Sustainability (MIMOS) at ISEG, formerly known as Management and Industrial Strategy (MMIS), aims to prepare students to face the challenges of sustainable operations in a global economy. The program combines subjects from economics, industrial organisation, and business strategy.

**Duration and Schedule**

The program is 3 semesters long, with evening classes taught in English. The Numerus Clausus is 70 students.

**Admission Requirements**

To be eligible for the program, candidates must have an undergraduate degree in Management, Economics, Finance, Accounting, Mathematics Applied to Economics and Management, or other relevant fields. Applicants with other degrees are considered on a case-by-case basis.

**Application Documents**

The required application documents include:

* Certificate of the undergraduate degree
* Academic Transcript
* Curriculum vitae
* Motivation Letter
* English Diploma (optional)
* Reference Letter (optional)

**Tuition Fees**

For 2026/27, the tuition fees are:

* Within the European Union: €4,850 (first year), €2,000 (second year), and a total of €6,850
* Outside the European Union: €6,350 (first year), €3,500 (second year), and a total of €9,850

**Scholarships/Funding**

The program offers equal opportunities for everyone, and financial restrictions should not come in the way of access to higher education.

**Program Structure**

The program consists of 2 semesters of coursework and 1 semester for the Master's Final Work (MFW). The course structure includes:

* Year 1 - Semester 1: Strategy and Company Internationalization, Strategic Management for Sustainability, Manufacturing and Services Operations, Supply Chain Management and Logistics, Digital Business and Operations
* Year 1 - Semester 2: Innovation and Sustainability, Industrial Marketing, Sustainability and Operations Management, Research Methods, Seminars, and Industrial and Sustainability Policies
* Year 2 - Semester 1: Master's Final Work (MFW)

**Notable Features**

The program is ranked 43rd in the Eduniversal Best Masters Ranking in Supply Chain and Logistics TOP 100 Worldwide 2025. It also received an IAPMEI Merit Award.

**Exchange/Study-Abroad Options**

ISEG offers mobility programs that allow students to explore any part of the world while studying abroad for a semester through the International Mobility Office.

**Other Information**

The program is triple-accredited, and A3ES accredited. The university also has partnerships and memberships with various organizations.",Lisboa,"2026-05-10 13:29:38"
17,3,"Management Information Systems - ISEG",https://www.iseg.ulisboa.pt/en/study/masters/management-information-systems/,"Here is a summary of the Master's program in Management Information Systems at ISEG:

**Field:** Management Information Systems (MIS)

**Language:** Taught in English

**Location:** Lisbon, Portugal

**Duration:** 4 semesters (16 months)

**Admission Requirements:**

* University academic degree equivalent to the 1st cycle in business science, engineering, or social sciences
* Conditional applications accepted for students who have not yet completed their undergraduate degree, provided they meet the conditions by the end of September

**Application Deadlines/Status:** Online application process; no specific deadlines mentioned

**Tuition/Fees:**

* EU students: Not specified
* Non-EU students: Not specified

**Scholarships/Funding:**

* Jerónimo Martins Merit Awards (2025-2026): 4 awards available to the best students in the 1st year of the program

**Program Structure:**

* Year 1: Semester 1 - Competitive Intelligence, Data & Database Management, Information Systems Analysis, Programming Foundations, Decision Systems; Semester 2 - IT Project Management, eBusiness Models and Technologies, Information Systems Networks and Security, Software Development Project, Information Systems Planning and Architecture
* Year 2: Semester 1 - Information Systems Research, Quantitative Methods Applied to Research, Electives (choose one); Semester 2 - Master's Final Work (Dissertation / Internship / Project)

**Exchange/Study-Abroad Options:** Not specified

**Notable Features:**

* Ranked 14th in the Eduniversal Best Masters Ranking in Information Systems Management TOP 40 in Western Europe 2025
* Opportunities for international experience and business environment exposure with a hands-on SAP immersive program abroad
* Electives include options such as Information Technology Consulting, Programming for Data Science, and Enterprise Systems with SAP Labs
* Master's Final Work allows students to choose between dissertation, internship, or project

**Additional Info:**

* Student Services: Masters & PhD Office, Living in Lisbon, International Mobility Office, Careers Services
* Program Directors: Antonio Palma dos Reis, Jesualdo Fernandes, Winnie Picoto",Lisboa,"2026-05-10 13:30:30"
18,3,"Management (MiM) - ISEG",https://www.iseg.ulisboa.pt/en/study/masters/management/,"Here is a summarized description of the Master's program in Management (MiM) at ISEG:

**Overview:** The MiM program is an innovative, one-year full-time master's degree that prepares students for future management challenges. It is framed around the United Nations' 17 Sustainable Development Goals (SDGs) and aims to develop technical management knowledge, critical thinking, and problem-solving skills.

**Duration:** 3 semesters

**Language:** Taught in English

**Admission Requirements:** Bachelor's degree in Management, Economics, Finance, Accounting, Mathematics Applied to Economics and Management or other relevant fields. Applicants with other degrees are considered on a case-by-case basis.

**Application Deadlines/Status:** Not specified

**Tuition/Fees:**

* EU students: not specified
* Non-EU students: not specified

**Scholarships/Funding:** Not specified

**Program Structure:** The program is divided into 3 semesters, with a total of 90 ECTS. Core courses and electives are daytime classes.

**Course Units:**

* Year 1 – Semester 1: Global Goals Awareness Week, Mandatory course units
* Elective courses (choose three)
* Final master's work (30 ECTS)

**Notable Features:**

* Ranked 23rd in the Eduniversal Best Masters Ranking in General Management TOP 60 in Western Europe 2025
* Accredited by the Agency for Assessment and Accreditation of Higher Education (A3ES)
* Emphasis on sustainability, technical management knowledge, critical thinking, and problem-solving skills
* Global Goals Awareness Week to immerse students in the downtown Lisbon lifestyle

**Exchange/Study-Abroad Options:** Not specified

**Career Opportunities:** The program aims to develop students for careers in administration, general management, financial management, and management consulting.

I hope this summary helps! Let me know if you have any further questions.",Lisboa,"2026-05-10 13:31:16"
19,3,"Mathematical Finance - ISEG",https://www.iseg.ulisboa.pt/en/study/masters/math-finance/,"Here is a clear summary of the Master's program in Mathematical Finance:

**Field:** Financial Mathematics and Computational Finance

**Language:** English (taught)

**Location:** University of Lisbon, School of Economics and Management (ISEG), Portugal

**Duration:** 4 semesters (2 years)

**Admission Requirements:**

* Undergraduate degree in a relevant field (Mathematics, Statistics, Physics, Engineering, Economics, Finance, or Accounting)
* Excellent command of English language
* Additional requirements for international students (e.g., Student Visa)

**Application Documents:**

* Certificate of undergraduate degree
* Academic transcript
* Curriculum vitae
* Motivation letter
* Optional: English diploma and reference letter

**Tuition Fees:** 

* EU students: €5,750 (first year), €2,000 (second year)
* Non-EU students: €8,750 (first year), €3,500 (second year)

**Program Structure:**

* 2 years of study
* 6 credits per semester
* Core courses in financial markets and investments, mathematical methods in finance, programming techniques, probability theory, and more
* Elective courses and final thesis/project

**Notable Features:**

* Ranked 29th in the Eduniversal Best Masters Ranking in Financial Markets TOP 60 in Western Europe (2025)
* Double Degree option with University of Lorraine, France
* Partnership with Advanced Risk and Portfolio Management Bootcamp at University of New York
* Career opportunities with leading international institutions (e.g., European Central Bank, Google)

**Exchange/Study-Abroad Options:** 

* International Mobility Office for studying abroad for a semester

**Scholarships/Funding:**

* None mentioned specifically, but the program encourages students to apply for external scholarships and funding opportunities.

I hope this summary helps! Let me know if you have any further questions.",Lisboa,"2026-05-10 13:32:10"
20,3,"Monetary and Financial Economics - ISEG",https://www.iseg.ulisboa.pt/en/study/masters/monetary-and-financial-economics/,"Here is a clear summary of the Master's program in Monetary and Financial Economics at ISEG Lisbon School of Economics and Management:

**Program Overview**

The Master's in Monetary and Financial Economics is a 4-semester, evening-class program taught in English. It aims to complement and deepen a bachelor's degree in Economics or Finance, preparing students for senior roles in monetary and financial institutions.

**Admission Requirements**

* Undergraduates in national or foreign institutions in Management, Economics, Finance, Accounting, Mathematics Applied to Economics and Management, or other relevant fields.
* Applicants with other degrees are considered on a case-by-case basis.
* Conditional applicants who have not yet completed the 1st Study Cycle (Bachelors) can apply, provided they satisfy the conditions for obtaining their degree by the end of September.

**Application Documents**

* Certificate of the undergraduate degree
* Academic Transcript
* Curriculum vitae
* Motivation Letter
* English Diploma (optional)
* Reference Letter (optional)

**Tuition Fees**

* Within the European Union: €3,750 (1st year), €2,000 (2nd year), total: €5,750.
* Outside the European Union: €5,000 (1st year), €3,250 (2nd year), total: €8,250.

**Program Structure**

The program consists of 60 credits, divided into:

* Core courses (30 credits)
* Elective options (15 credits)
* Free options (6 credits)
* Dissertation (12 credits)

**Notable Features**

* The program has a strong international presence, with around 1/3 of students coming from outside Portugal.
* It offers a Merit Award of €1,000 to the best student in the 1st year.
* The program is accredited by A3ES and registered with DGES.
* Students have access to various scholarships and funding opportunities.

**Exchange/Study-Abroad Options**

The International Mobility Office at ISEG facilitates exchange programs and study-abroad opportunities for students.",Lisboa,"2026-05-10 13:33:04"
21,3,"Transformation in Human Resources Management - ISEG",https://www.iseg.ulisboa.pt/en/to-study-2/exec-masters/transformation-in-human-resources-management/,"Here is a summarized description of the Master's program in Transformation in Human Resources Management:

**Program Overview**
The Executive Master's degree in Transformation in Human Resources Management is a 2-semester, face-to-face program taught in Portuguese and English. It aims to transform HR professionals into leaders who anticipate and drive organizational transformation.

**Target Audience**
This master's degree is designed for directors, managers, coordinators, and specialists with more than 5 years of professional experience in Human Resources and Talent Management.

**Program Structure**
The program consists of two semesters:

* Semester 1: 9 credits, including courses on HR functions, personal influence, neuroscience, people analytics, strategic talent management, and transformative leadership.
* Semester 2: 30-credit final master's project developed in collaboration with the company where students work.

**Admissions and Fees**

* Applications open three times a year (December, February, and April).
* The application process requires a motivation letter, curriculum vitae, identification document, graduation certificate, and proof of professional experience.
* Tuition fees for EU students are €7,500 and for non-EU students are €10,000.

**Notable Features**

* Collaborative learning through real cases, role-play, sharing experiences, and innovation in the classroom.
* Practical projects developed in collaboration with companies.
* A strong focus on transformation and leadership development.
* Language support: Portuguese and English (although the primary language is Portuguese).
* Optional courses: Legislation and Regulations, Managing HR dysfunctions.

**Exchange/Study-Abroad Options**
ISEG offers mobility programs that allow students to study anywhere in the world for a semester. The International Mobility Office provides support and guidance for these programs.

**Scholarships/Funding**
ISEG does not offer specific scholarships for this master's degree. However, students may be eligible for external scholarships or financial aid.",Lisboa,"2026-05-10 13:33:56"
22,3,"Accounting, Taxation and Corporate Finance - ISEG",https://www.iseg.ulisboa.pt/en/to-study-2/masters-2/accounting-tax-and-business-finance/,"Here is a summary of the Master's in Accounting, Taxation and Corporate Finance program at ISEG:

**Field:** Accounting, Taxation, and Corporate Finance

**Language:** Portuguese (with some optional courses taught in English)

**Location:** Lisbon, Portugal

**Duration:** 4 semesters (approximately 2 years)

**Admission Requirements:**

* Bachelor's degree from a national or foreign institution in Management, Economics, Finance, Accounting, Mathematics Applied to Economics and Management, or other relevant areas
* Students who have not completed their undergraduate studies may apply conditionally, provided they meet the conditions for obtaining their degree by the end of September (of the academic year of application)

**Application Deadlines/Status:**

* Applications are made online
* The selection panel evaluates applications based on curricular analysis, graduation grade, curriculum vitae, motivation letter, and letters of recommendation

**Tuition/Fees:** 

* EU students: €4,850 for 1st year, €2,000 for 2nd year (total: €6,850)
* Non-EU (International) students: €6,350 for 1st year, €3,500 for 2nd year (total: €9,850)

**Scholarships/Funding:** 

* The university offers specific tuition payment plans and encourages international students to apply

**Program Structure:**

* The program is divided into 4 semesters
* Semesters 1-2 focus on core courses in accounting, taxation, corporate finance, and auditing
* Semesters 3-4 offer optional curricular units and a master's final work (internship/project/dissertation)

**Exchange/Study-abroad Options:**

* The university has partnerships with international consultants (Deloitte, EY, KPMG, PwC) for Professional Business Cases
* Students can participate in exchange programs or study abroad for a semester

**Notable Features:**

* The program is designed to train highly technically competent staff in accounting, taxation, and corporate finance
* Most students manage to get a job at the end of the 1st year of the course
* The main employers are located in the banking, auditing, accounting offices, petrochemicals, and consultancy sectors

**Additional Information:**

* Student Services (Masters & PhD Office, Living in Lisbon, International Mobility Office, Careers Services)
* The program is recognized by the Portuguese Ministry of Education and Science",Lisboa,"2026-05-10 13:34:57"
23,3,"Business Sciences - ISEG",https://www.iseg.ulisboa.pt/en/to-study-2/masters-2/business-sciences/,"Here is a clear summary of the Master's program:

**Program:** Master's in Ciências Empresariais (Business Sciences)

**Field:** Business and Management

**Language:** Portuguese

**Location:** ISEG, ULisboa, Lisbon, Portugal

**Duration:** 4 semesters (2 years)

**Admission Requirements:**

* Bachelor's degree from any scientific field, preferably not in management or economics
* Conditional admission possible for students who have not completed their undergraduate degree by the end of September

**Application Deadlines/Status:**

* Applications are made online through ISEG's website
* Screening and selection criteria include academic curriculum, professional experience, and interview score (30%)

**Tuition/Fees:** Not specified for EU vs non-EU students

**Scholarships/Funding:** No information provided

**Program Structure:**

* Year 1: Semester 1 - Investment Analysis, Accounting and Management Control, Entrepreneurship, Quality and Supply Chain Management, Marketing
* Year 1: Semester 2 - Cases in Strategic Management, Taxation, Competence Management, International Management, Enterprise Information Systems
* Year 2: Semester 1 - Data Analysis in Management, Management Research Methodology, Optional courses (e.g., Personal Skills, Negotiation Fundamentals)
* Year 2: Semester 2 - Final Master's Work (Internship, Project, Dissertation)

**Exchange/Study-Abroad Options:** Not specified

**Notable Features:**

* Ranked 29th in Western Europe for Entrepreneurship (Eduniversal Best Masters 2025 Ranking)
* Recognized for excellence in teaching and scientific rigor
* Emphasis on developing essential skills to lead in a complex environment
* Strong faculty with close links between academia and business reality
* Opportunities for personal growth, volunteer activities, and extracurricular experiences

I hope this summary helps! Let me know if you have any further questions.",Lisboa,"2026-05-10 13:35:44"
24,3,"Economics and Public Policies - ISEG",https://www.iseg.ulisboa.pt/en/to-study-2/masters-2/economics-and-public-policy/,"Here is a summary of the Master's program:

**Program Name:** Economics and Public Policies (MEPP) - ISEG, ULisboa

**Field:** Economics and Public Policy

**Location:** Lisbon, Portugal

**Duration:** 4 semesters (after work hours)

**Language:** Portuguese

**Initial Vacancies:** 30

**Coordination:** Paulo Trigo Pereira, Francisco Nunes, Aida Isabel Tavares

**Admission Requirements:**

* Hold an academic degree equivalent to the 1st cycle of higher education in Economics or other relevant areas
* Candidates with other degrees will be considered on a case-by-case basis
* Students who have not completed their bachelor's degree may apply conditionally, provided they meet the conditions for obtaining the degree by the end of September

**Application Deadlines/Status:** Online applications only; applicants must submit their documents and follow the selection process

**Tuition/Fees:**

* EU students: € [insert fee amount]
* Non-EU students: € [insert fee amount]

**Scholarships/Funding:** None specified

**Program Structure:**

* The program consists of 2 years, divided into 4 semesters
* Students can choose to write a dissertation, a project for an institution (public or non-profit), or an internship report with a company or institution

**Exchange/Study-Abroad Options:** ISEG offers exchange programs and mobility programs that allow students to study anywhere in the world for a semester

**Notable Features:**

* The program is ranked 21st in Eduniversal's Top 200 Best Masters Global Ranking in the Public Administration/Management category
* MEPP provides postgraduate training to graduates in Economics or other relevant areas who wish to continue their academic preparation with a view to carrying out professional activities in areas of public policy
* The program offers a unique blend of theoretical and practical knowledge, allowing students to develop a culture of demand, rigor, and quality

**Additional Information:**

* Students have the opportunity to attend a preparatory course on Introduction to Microeconomics free of charge
* The program has a strong focus on research and development, with opportunities for students to participate in research projects and seminars

I hope this summary helps! Let me know if you have any further questions.",Lisboa,"2026-05-10 13:36:44"
25,3,"Human Resources Management - ISEG",https://www.iseg.ulisboa.pt/en/to-study-2/masters-2/human-resources-management/,"Here is a summary of the Master's in Human Resources Management program at ISEG, University of Lisbon:

**Program Overview**: This master's degree aims to develop technical, interpersonal, and polyvalence skills for students who want to pursue a career in human resources management. The program is taught in Portuguese, with some elective courses possibly offered in English.

**Duration and Time**: The program takes 4 semesters (2 years) to complete, with classes held after work hours.

**Initial Vacancies**: There are 70 initial vacancies for the program.

**Coordination**: The program is coordinated by Maria Joao Santos, Amílcar Moreira, and Jorge F. S. Gomes.

**Admissions and Fees**: To apply, candidates must have a degree from a national or foreign institution in Management or Social Sciences and Humanities. Applications are made online, and the tuition fees for students within the EU are €4,750 (1st year) and €2,000 (2nd year), totaling €6,750. For international students, the fees are €6,300 (1st year) and €3,500 (2nd year), totaling €9,800.

**Scholarships/Funding**: The university seeks to provide equal opportunities for all students and may offer specific payment plans or scholarships upon request.

**Program Structure**: The program consists of 12 credits in the first semester, 6 credits in the second semester, and 4.5 credits in each of the third and fourth semesters. The program also includes a final master's work (dissertation/project/internship) worth 30 credits.

**Exchange/Study-Abroad Options**: ISEG offers exchange programs with other institutions, allowing students to study abroad for a semester.

**Notable Features**:

* The program was ranked 28th in Eduniversal's Top 230 Best Masters Global Ranking 2024.
* The faculty is experienced and has a close link between the academic side and business reality.
* The program aims to develop systematic critical thinking and prepare students for strategic human resource management actions.
* Students come from different countries and educational institutions, promoting diversity and broadening individual networks.

I hope this summary helps! Let me know if you have any further questions.",Lisboa,"2026-05-10 13:37:39"
26,3,"International Economics and European Studies - ISEG",https://www.iseg.ulisboa.pt/en/to-study-2/masters-2/international-economics-and-european-studies/,"Here is a summary of the Master's program in International Economics and European Studies at ISEG, ULisboa:

**Program Overview**

The Master's in International Economics and European Studies (MEIEE) is a 4-semester program that aims to provide students with specialized and professional skills in international economics and European institutions. The program has entered the Top 200 of Eduniversal's Best Masters Global Ranking 2024, ranking 24th in the Economics category.

**Objectives**

The main objectives are to provide complementary and specialized training in the fields of international economics (theoretical and applied, real and monetary) and to offer a deeper understanding of the characteristics and current trends of economic integration and globalization processes.

**Structure**

The program consists of two years, with 6 credits per semester. The curriculum includes courses such as EU Economy and Finance, Economic Integration, Applied Quantitative Methods, International Financial System, and more. Students can choose from various curricular units to create their own specialization track.

**Admissions and Fees**

Applications are made online, and candidates must present a degree in national or foreign institutions in the areas of Economics, Management, Finance, Mathematics Applied to Economics and Management, International Relations, and other relevant fields. The tuition fees for 2026/27 are €4,300 (EU students) and €5,300 (non-EU students).

**Scholarships/Funding**

ISEG offers scholarships and funding opportunities to support students' studies.

**Exchange/Study-Abroad Options**

The university has exchange programs with institutions worldwide, offering students the possibility to study anywhere in the world for a semester.

**Notable Features**

* Ranked Top 200 by Eduniversal's Best Masters Global Ranking 2024
* Triple-accredited by A3ES, AMBA, and EPAS
* Language of instruction: Portuguese
* Duration: 4 semesters
* Initial vacancies: 40 students

Overall, this Master's program offers a unique combination of theoretical and practical knowledge in international economics and European institutions, with opportunities for exchange and study-abroad programs.",Lisboa,"2026-05-10 13:38:34"
27,3,"Quantitative Methods for Economic and Business Decision - ISEG",https://www.iseg.ulisboa.pt/en/to-study-2/masters-2/quantitative-methods-for-economic-and-business-decision-making/,"Here is a summary of the Master's in Quantitative Methods for Economic and Business Decision (MQDEE) program at ISEG:

**Overview**: This master's degree trains students to analyze data and make better decisions for companies. It deepens knowledge in operational research, statistics, and econometrics.

**Program Structure**: The 4-semester program is divided into two years: the first year is daytime, while the second year can be taken after work. The language of instruction is Portuguese.

**Admissions and Fees**: Applications are made online. Candidates must present a degree in management, economics, finance, mathematics, or other relevant fields. Tuition fees for EU students are €2,950 (1st year) and €2,000 (2nd year), while non-EU students pay €4,450 (1st year) and €3,500 (2nd year).

**Scholarships/Funding**: ISEG offers scholarships to support students' financial needs.

**Exchange/Study-Abroad Options**: The International Mobility Office offers exchange programs with institutions worldwide for a semester.

**Notable Features**:

* The program has partnerships with various institutions, allowing students to complete their final work in the scope of a project or internship.
* Students benefit from personalized support and have a high completion rate.
* The teaching staff is experienced and recognized in their fields.
* The program focuses on developing skills in data analysis, statistical methods, and decision-making.

**Additional Information**:

* The master's degree aims to train professionals with the necessary knowledge for data analysis, problem-solving, and decision support.
* The program provides a basis for pursuing a 3rd cycle of studies leading to a doctorate.
* Recent graduates work in logistics and planning departments in various industries, including banks, insurance companies, consulting firms, and more.

**Accreditation**: ISEG is triple-accredited (A3ES, ISO 9001, and EQAR) and ranked worldwide.",Lisboa,"2026-05-10 13:39:28"
28,4,"Master in Data Analytics",https://programmes.fep.up.pt/masters/data-analytics/,"Here is a clear summary of the Master's program:

**Program:** Master in Data Analytics, offered by FEP (Faculdade de Economia do Porto) in Portugal.

**Field:** Data Analytics, with a strong focus on statistics, data mining, and advanced analysis.

**Language:** English.

**Location:** On-campus in Porto, Portugal.

**Duration:** 2 years, starting in September.

**Admission Requirements:**

* Bachelor's degree in Economics or related field
* Basic knowledge of statistics

**Application Deadlines/Status:**

* Applications open from January to February (1st call)
* Provisional results are announced in March
* Final results are announced in April
* Enrollment period is from April to May (for students completing their Bachelor's degree, the deadline extends until July)

**Tuition Fees:** Varying fees for national/EU/EEA and international students:

* National/EU/EEA: €1,500 per year
* CPLP International: €2,750 per year
* International: €5,000 per year

**Scholarships/Funding:** None mentioned.

**Program Structure:**

* 1st year:
	+ Data Mining I (6 credits)
	+ Laboratory (6 credits)
	+ Data Bases and Programming (6 credits)
	+ Applied Statistics (6 credits)
	+ Optimization (6 credits)
* 2nd year:
	+ Seminars (6 credits)
	+ Quantitative Case Studies (9 credits)
	+ Dissertation/Work Project/Internship Plan (9 credits)
	+ Electives (12 credits)
* Final semester: Dissertation/Project/Internship (30 credits)

**Exchange/Study-abroad Options:** The program offers double degrees with SGH – Warsaw School of Economics and QTEM.

**Notable Features:**

* Ranked 7th in the Eduniversal Masters Ranking 2025 among Western Europe's best Data Analytics programs
* EMOS qualification available under certain conditions, enhancing international visibility and employability
* Testimonials from students who have successfully completed the program.",Porto,"2026-05-10 13:40:39"
29,4,"Master in Economics of Business and Strategy | FEP",https://programmes.fep.up.pt/masters/economics-of-business-and-strategy/,"Here is a summary of the Master's program ""Economics of Business and Strategy"" at FEP:

**Field:** Economics, Business, and Strategy

**Language:** English (full-time)

**Location:** Porto, Portugal (on-campus)

**Duration:** 2 years (September start)

**Admission Requirements:**

* Recent graduates in Management, Economics, Engineering, Industrial Management, Mathematics, or related fields with a strong quantitative background
* Interested in developing skills to analyze industries and think strategically about organizations

**Application Deadlines/Status:**

* Applications for the first call are open from January 7th to February 11th (provisional results on March 23rd, final results on April 14th)
* Enrollment period for students completing their Bachelor's degree extends until July 24th

**Tuition/Fees:**

* National students (European Union and European Economic Area): €1,500 per year
* CPLP International Students: €2,750 per year
* International Students: €5,000 per year

**Scholarships/Funding:** Not specified

**Program Structure:**

* 120 ECTS credits over 2 years
* 1st Year: Foundation modules (Economics of Organizations, Economics of Strategy, etc.)
* 2nd Year: Electives and Dissertation/Project/Internship
* Optional double degree with EDHEC Business School or QTEM program

**Exchange/Study-Abroad Options:** Double degree with EDHEC Business School or QTEM program

**Notable Features:**

* Combines fundamental theoretical perspectives with advanced analytical tools
* Focus on entrepreneurship, innovation, and internationalization
* Strong links to the business world for applied learning
* Program is designed for recent graduates in Management, Economics, Engineering, Industrial Management, Mathematics, or related fields with a strong quantitative background",Porto,"2026-05-10 13:41:35"
30,4,"Master in Economics | FEP",https://programmes.fep.up.pt/masters/economics/,"Here is a summary of the Master in Economics program at FEP:

**Field:** Economics

**Language:** English (with an option to study in Portuguese)

**Location:** Porto, Portugal (on-campus)

**Duration:** 2 years

**Admission Requirements:**

* Recent graduates in Economics, Management, Finance, or related fields
* Applications are accepted for the 1st call from July 1st to November 2nd, with provisional results announced on March 23rd and final results on April 14th.

**Tuition Fees:** 

* National students (EU/European Economic Area): €1,500 per year
* CPLP International Students: €2,750 per year
* Non-EU/International Students: €5,000 per year

**Scholarships/Funding:** Not specified on the official website.

**Program Structure:**

* 2 years, divided into 4 semesters
* Core courses in Microeconomic Analysis, Macroeconomic Policy, and Econometrics
* Specialization in applied economics with electives in areas such as economic statistics, data mining, numerical methods, and economic modeling
* Research Process and Seminars I & II
* Dissertation/Work Project/Internship (30 ECTS)

**Exchange/Study-Abroad Options:** Not specified on the official website.

**Notable Features:**

* Personalized study pathways with a flexible plan of studies
* Access to the prestigious international QTEM network
* Rigorous teaching and procedures coupled with individual tutoring
* Professional orientation and career planning counselling services
* Structured program of curricular internships

Overall, the Master in Economics at FEP is a pre-experience Master that offers high-quality education in economics and quantitative methods. The program is designed for recent graduates looking to build a demanding and distinctive career in financial institutions, companies, public bodies, international organizations, research, or academia.",Porto,"2026-05-10 13:42:33"
31,4,"Master in Finance | FEP",https://programmes.fep.up.pt/masters/finance/,"Here is a clear summary of the Master's program:

**Program:** Master in Finance at FEP (Porto, Portugal)

**Field:** Finance

**Language:** English

**Duration:** 2 years

**Start:** September

**Schedule:** Mainly daytime programme

**Format:** On-campus (Porto)

**Total credits:** 120 ECTS

**Admission requirements:**

* Bachelor's degree in Management, Economics, or a related field
* Fluency in English
* Professional experience is not required, but students should be available for a full-time program

**Application deadlines/status:**

* Applications - 1st Call: From July 1st to November 2nd
* Provisional results: March 23rd
* Final results: April 14th
* Enrollment: From April 16th to May 20th (or until July 24th for students completing their Bachelor's degree)

**Tuition fees:** Varying amounts depending on the student's nationality and program:

* National students, European Union, and European Economic Area students: €1,500 per year
* CPLP International students: €2,750 per year
* International students: €5,000 per year

**Scholarships/funding:** Not specified

**Program structure:**

* 1st Year:
	+ Theoretical Foundations of Finance (6 ECTS)
	+ Markets and Financial Investments (6 ECTS)
	+ Seminars I (3 ECTS)
	+ Econometric Methods (6 ECTS)
	+ Corporate Finance (3 ECTS)
	+ Project I (3 ECTS)
	+ Business Valuation (3 ECTS)
* 2nd Year:
	+ Research Methodology (3 ECTS)
	+ Risk Management (3 ECTS)
	+ Modelling and Data Analysis II (6 ECTS)
	+ International Finance (3 ECTS)
	+ Seminars III (3 ECTS)
	+ Project III (3 ECTS)
* Electives (9 ECTS) in both years
* Dissertation/Work Project/Internship (30 ECTS) in the 2nd year

**Exchange/study-abroad options:**

* Double degrees with Kozminski University (Poland) or Prague University of Economics and Business (Czech Republic)
* QTEM program for international experience, academic excellence, and practical relevance

**Notable features:**

* Ranked #1 in Portugal for return on academic investment and career progression
* Recognized by the CFA Institute
* Flexible structure to tailor study pathway to career objectives
* Emphasis on both Corporate Finance and Financial Markets",Porto,"2026-05-10 13:43:44"
32,4,"Master in Management | FEP",https://programmes.fep.up.pt/masters/management/,"Here is a summary of the Master's program:

**Field:** Management

**Language:** English (fully taught in English)

**Location:** On-campus, daytime programme, Porto, Portugal

**Duration:** 2 years (4 semesters)

**Admission Requirements:**

* Final-year students or recent graduates in Management, Economics, or related fields
* Fluency in English
* Professional experience not required, but applicants must be available for a demanding full-time, daytime programme

**Application Deadlines/Status:**

* Applications open from 07/01/2026 to 11/02/2026 (1st Call)
* Provisional results announced on 23/03/2026
* Final results announced on 14/04/2026
* Enrollment period: From 16/04/2026 to 20/05/2026*

**Tuition Fees:**

* National students, European Union and European Economic Area students: €1,500/year (€3,000 total)
* CPLP International Students: €2,750/year (€5,500 total)
* Non-EU International Students: €5,000/year (€10,000 total)

**Scholarships/Funding:** Not mentioned specifically

**Programme Structure:**

* 1st year:
	+ Semesters 1 and 2: Core modules (e.g., Business Valuation, Financial Management, Strategic Management)
	+ Electives (15 ECTS)
* 2nd year:
	+ Semester 3: Business Challenge, Business Ethics, Seminars
	+ Semester 4: Dissertation/Work Project/Internship (30 ECTS)

**Exchange/Study-Abroad Options:** The programme offers double degrees with Kedge Business School (Marseille/Bordeaux) and SGH Warsaw School of Economics (Warsaw), as well as QTEM (a global programme that combines business and economics skills).

**Notable Features:**

* Ranked #1 in Portugal for return on academic investment and career progression
* Ranked #62 worldwide by Financial Times (FT) in the 'Masters in Management 2025' ranking
* Offers international opportunities, including double degrees and QTEM programme

Please note that this summary is based on the provided information and might not capture every detail.",Porto,"2026-05-10 13:44:49"
33,5,"Economics and Accounting Teaching | ULisboa",https://www.ulisboa.pt/en/course/msc-master-degree/economics-and-accounting-teaching,"Here is a summary of the Master's program in Economics and Accounting Teaching at ULisboa:

**Program Overview**: The Master's program in Economics and Accounting Teaching aims to provide general training and professional qualification for teaching Secondary Education in economics and accounting, through the development of specific scientific and didactic skills and supervised pedagogical practice.

**Field**: Economics and Accounting

**Language**: Portuguese (with some courses possibly taught in English)

**Location**: Lisbon, Portugal

**Duration**: 4 semesters (2 years)

**Admission Requirements**:

1. Holders of a degree in economics or accounting or related fields.
2. Foreign academic degrees conferred following a 1st cycle of studies organized according to the principles of the Bologna Process by a member state in the scientific area(s) of the course.
3. Foreign academic degrees recognized as meeting the objectives of a degree by the Scientific Committee of the master's degrees in education.

**Application Deadlines/Status**: No specific deadlines are mentioned, but applicants are advised to apply early.

**Tuition Fees**: For EU students: €697 (1st year), €697 (remaining years); for non-EU students: €3,500 (1st year), €3,500 (remaining years).

**Scholarships/Funding**: The program offers doctoral scholarships and PhD fellowships. Additionally, there are financing opportunities available.

**Program Structure**: The program is divided into 4 semesters, with a total of 120 ECTS credits.

**Exchange/Study-Abroad Options**: No specific information on exchange or study-abroad programs is provided.

**Notable Features**:

* Accreditation from A3ES.
* Opportunities for research and innovation.
* Links with industry partners and international organizations.
* Focus on interdisciplinarity and practical application.",Lisboa,"2026-05-10 13:46:36"
34,5,"Law and Management | ULisboa",https://www.ulisboa.pt/en/course/msc-master-degree/law-and-management,"Here is a summarized description of the Master's program in Law and Management at ULisboa:

**Program Overview**

The Master's program in Law and Management is an innovative, intensive, and demanding program that challenges students to solve cases from an integrated perspective of law and management. The program aims to give law graduates the tools necessary to understand their clients' needs, risks, and challenges from both a legal and management perspective.

**Key Features**

* Field: Law and Management
* Language: English
* Location: Lisbon, Portugal
* Duration: 3 semesters (90 ECTS)
* Admission Requirements:
	+ Bachelor's degree in Law or Economics/Management
	+ Good academic record
	+ English language proficiency (CEFR B2 level)
* Application Deadlines/Status:
	+ EU students: January 15th to May 31st
	+ Non-EU students: November 15th to March 15th
	+ Application status: Online application system
* Tuition Fees (EU vs non-EU):
	+ EU students: €4,000 (1st year), €2,800 (remaining years)
	+ Non-EU students: Same as EU students
* Scholarships/Funding:
	+ MSc scholarships for PhD candidates
	+ PhD fellowships Unite! ULisboa
	+ Bolsas de Doutoramento PRISC ULisboa
	+ Other international scholarship opportunities

**Program Structure**

The program consists of 3 semesters, with a total of 90 ECTS. The curriculum includes courses on law and management, as well as specializations in areas such as corporate law, intellectual property law, and entrepreneurship.

**Exchange/Study-abroad Options**

* Erasmus+ program for students
* International credit mobility for staff and students
* Partnerships with international universities

**Notable Features**

* Accreditation by A3ES (Agency for Assessment and Accreditation of Education)
* Registration number: R/A-Cr 171/2020
* Strong connections to professional practice, based on established partnerships with first-tier law firms and companies.",Lisboa,"2026-05-10 13:48:09"
35,6,"Master’s Degree in Economics - Faculty of Economics - Courses - University of Coimbra",https://apps.uc.pt/courses/EN/course/10641,"Here is a summary of the Master's program in Economics at the University of Coimbra:

**Field:** Economics

**Language:** Portuguese and English (teaching and evaluation)

**Location:** University of Coimbra, Portugal

**Duration:** 3 semesters (approximately 12 months)

**Admission Requirements:**

* Academic curriculum
* Professional curriculum
* Motivation
* Preference given to students with a background in economics and related areas from reputable universities

**Application Deadlines/Status:**

* Call for Applications: available on the University's website
* Application submission: online through the University's website
* Calendar:
	+ 1st Semester: September 7, 2026 - December 18, 2026
	+ 2nd Semester: February 10, 2027 - May 20, 2027

**Tuition/Fees:** Not specified (EU and non-EU students)

**Scholarships/Funding:** None mentioned

**Program Structure:**

* Face-to-face/daytime mode of study
* 90 ECTS credits
* Optional courses available
* Students can choose to specialize in either the Economics Track or Finance Track

**Exchange/Study-abroad Options:** Not specified

**Notable Features:**

* Emphasis on developing autonomous analytical skills and problem-solving abilities
* Opportunity to work on an original project under faculty guidance or conduct an internship
* Qualification recognized by the Portuguese government (Decree-Law No. 74/2006)
* Accredited by the Agência de Avaliação e Acreditação do Ensino Superior (A3ES) and the Direcção Geral de Ensino Superior (DGES)

Overall, this Master's program in Economics at the University of Coimbra aims to provide students with advanced training in economic analysis, enabling them to work in various fields, including auditing and consulting, banking and insurance, planning and regulatory agencies, teaching and research, and more.",Coimbra,"2026-05-10 14:15:52"
36,6,"Master's degree in Management - Faculty of Economics - Courses - University of Coimbra",https://apps.uc.pt/courses/EN/course/10661,"Here is a summary of the Master's program in Management at the University of Coimbra:

**Field:** Management

**Language:** Portuguese and English

**Location:** University of Coimbra, Portugal

**Duration:** 2 years (120 ECTS credits)

**Admission Requirements:**

* Applications are validated by UC services
* Candidates are evaluated based on their academic curriculum, professional curriculum, and other personal skills
* The application grade (AG) is the only criterion for selecting the first ""n"" applications (numerus clausus)
* Specific aspects to be valued in each partial assessment will be disclosed in the annual call for applications

**Application Deadlines/Status:**

* Call for Applications: 2nd Cycle Course
* Application submission: Web page with information for candidates
* Calendar:
	+ 1st Semester: September 7, 2026 - December 18, 2026
	+ 2nd Semester: February 10, 2027 - May 20, 2027

**Tuition/Fees (EU vs non-EU):**

* Not specified

**Scholarships/Funding:**

* Not specified

**Program Structure:**

* Full- or part-time attendance
* Presence required in daytime schedule
* Teaching and evaluation language(s) are Portuguese and English
* The program aims to train highly qualified professionals with strategic knowledge and tools for developing their careers in a competitive context
* It focuses on core areas of management, including strategy, people management, operations management, marketing, ethics, and social responsibility

**Exchange/Study-Abroad Options:**

* Not specified

**Notable Features:**

* The program allows students to acquire current, innovative, and essential knowledge and techniques in the core areas of management
* It enables students to develop leadership, communication, and other strategic skills
* Graduates have increased competences for applying to a PhD programme
* Recognition of prior learning is carried out in accordance with the Academic Regulation of the University of Coimbra",Coimbra,"2026-05-10 14:16:22"
37,6,"Master Degree in City Management and Transport Engineering - Department of the Civil Engineering  - Courses - University of Coimbra",https://apps.uc.pt/courses/EN/course/12401,"Here is a clear summary of the Master's program in City Management and Transport Engineering:

**Field:** City management, transport engineering, and sustainability

**Language:** Portuguese and English (teaching and evaluation)

**Location:** University of Coimbra, Portugal

**Duration:** 2 years (120 ECTS credits)

**Admission Requirements:**

* Bachelor's degree or equivalent in civil engineering, environmental engineering, geography, or related fields
* Foreign higher academic degree recognized by the Scientific Council of FCTUC
* Relevant scientific and professional curriculum recognized by the FCTUC Scientific Council

**Professional Goals:** To train professionals for roles in public administration, consultancy firms, and companies in transport infrastructure management, transport, and logistics sectors.

**Program Structure:**

* Face-to-face teaching
* Assessment elements include written or oral exams, quizzes, problem-solving, practical work, and individual or group projects
* Dissertation required for the curricular unit ""City Management and Transport Engineering""

**Exchange/Study-Abroad Options:** Not specified

**Notable Features:**

* Emphasis on territorial planning, transport engineering, and sustainable cities
* Focus on integrating multiple aspects of city management, including territory, transport, environment, digital technologies, and management processes
* Recognition of prior learning in accordance with University regulations

**Scholarships/Funding:** Not specified

**Tuition/Fees (EU vs non-EU):**

* Tuition fees not specified for EU students
* Tuition fees not specified for non-EU students

**Application Deadlines/Status:**

* Call for applications and application submission process available on the University's website",Coimbra,"2026-05-10 14:16:50"
38,6,"Master in Artificial Intelligence and Data Science - Department of Informatics Engineering - Courses - University of Coimbra",https://apps.uc.pt/courses/EN/course/12661,"Here is a summary of the Master's program in Artificial Intelligence and Data Science at the University of Coimbra:

**Field:** Artificial Intelligence and Data Science

**Language:** Portuguese and English (Teaching/Evaluation)

**Location:** University of Coimbra, Portugal

**Duration:** 2 years (120 ECTS credits)

**Admission Requirements:**

1. Bachelor's degree or equivalent in relevant fields (Data Science and Engineering, Computer Engineering, etc.)
2. Foreign academic degree recognized by the Research Department of Computer Science
3. Justified cases with an academic, scientific, or professional curriculum

**Application Deadlines/Status:** Call for Applications for 2nd Cycle Course (check website for deadlines)

**Tuition/Fees:**

* EU students: N/A
* Non-EU students: N/A

**Scholarships/Funding:** Not specified

**Program Structure:** Face-to-face teaching, with specific evaluation rules for each curricular unit

**Exchange/Study-Abroad Options:** None mentioned

**Notable Features:**

* Develops advanced disciplinary skills in AI and Data Science
* Offers a strong interdisciplinary nature through a vast set of curricular units
* Prepares students to pursue advanced studies or practice the profession
* Openness to learn new developments and ideas in the area
* Recognition of Prior Learning (RPL) available for candidates with relevant formation and experience",Coimbra,"2026-05-10 14:17:14"
39,6,"Master in Arts Management and Cultural Policies in Transition - Faculty of Arts and Humanities - Courses - University of Coimbra",https://apps.uc.pt/courses/EN/course/13381,"Here is a clear and concise summary of the Master's program in Arts Management and Cultural Policies in Transition at the University of Coimbra:

**Field:** Public and Environmental Humanities, with a focus on arts management and cultural policies in transition.

**Language:** Portuguese and English (C1 level required for admission).

**Location:** Faculty of Arts and Humanities, University of Coimbra, Portugal.

**Duration:** 2 years (120 ECTS credits).

**Admission Requirements:**

* Bachelor's degree in the arts, humanities, or social sciences
* Foreign higher academic degree recognized by the Bologna Process
* Academic, scientific, or professional curriculum demonstrating ability to complete the program
* English proficiency at C1 level

**Application Deadlines/Status:** Applications are accepted for the 2026-2027 academic year.

**Tuition/Fees:**

* EU students: Not specified
* Non-EU students: Not specified

**Scholarships/Funding:** None mentioned on the website, but candidates should check with the university or external organizations for available scholarships and funding opportunities.

**Program Structure:**

* Face-to-face daytime classes
* Assessment includes written assignments, oral presentations, group projects, and attendance/participation
* Classification is based on a weighted average of assessment elements

**Exchange/Study-Abroad Options:** None mentioned on the website, but candidates should check with the university for potential exchange or study-abroad opportunities.

**Notable Features:**

* Emphasis on sustainability, ecological emergency, and eco-criticism in cultural policies
* Focus on developing reflective skills, management, production, and programming in the cultural sector
* Opportunities for micro research or applied intervention projects
* Access to further studies at PhD level (3rd cycle of studies)",Coimbra,"2026-05-10 14:17:41"
40,6,"Master in Industrial and Management Engineering - Department of Mechanical Engineering - Courses - University of Coimbra",https://apps.uc.pt/courses/EN/course/343,"Here is a clear summary of the Master's program:

**Field:** Industrial and Management Engineering

**Language:** Portuguese (teaching/evaluation)

**Location:** University of Coimbra, Portugal

**Duration:** 4 semesters (full-time attendance)

**Admission Requirements:**

* Bachelor's degree in EGI (guaranteed access)
* Other bachelor's degrees in engineering or management can also apply
* Check admission requirements on the university website

**Application Deadlines/Status:**

* Call for Applications: 2nd Cycle Course
* Readmission: Application submission (web page with information for candidates)

**Tuition/Fees:**

* EU students: not specified
* Non-EU students: not specified

**Scholarships/Funding:**

* Not mentioned on the official website

**Program Structure:**

* Full-time attendance
* Teaching and evaluation in Portuguese
* Assessment items include oral or written exams, written or practical work, individual and group projects with oral defense, and class participation

**Exchange/Study-Abroad Options:**

* None mentioned on the official website

**Notable Features:**

* Recognized by Agência de Avaliação e Acreditação do Ensino Superior (ACEF) and Direcção Geral de Ensino Superior (R/A-Ef 1566/2011/AL02)
* Students can access a PhD degree in engineering or management after completing the MSc program
* Strong emphasis on applying current principles of Industrial Engineering to solve complex real-world problems",Coimbra,"2026-05-10 14:18:06"
41,6,"Master's degree in Quantitative Methods in Finance - Faculty of Economics - Courses - University of Coimbra",https://apps.uc.pt/courses/EN/course/465,"Here is a summarized description of the Master's program in Quantitative Methods in Finance at the University of Coimbra:

**Field:** Quantitative Methods in Finance, with a focus on mathematics and statistics applied to finance.

**Language:** Portuguese (teaching and evaluation).

**Location:** Faculty of Economics, University of Coimbra, Portugal.

**Duration:** 3 semesters (90 ECTS credits).

**Admission Requirements:**

* Professionals employed in the financial industry with an initial background in Economics, Management, or Engineering.
* Recently graduated (BS degree) in Mathematics and Physics, or Economics and Management.

**Application Deadlines/Status:**
The program is open for applications. The application process typically involves submitting a candidate's profile and supporting documents through the university's website.

**Tuition/Fees:** Not specified (may vary depending on EU vs non-EU student status).

**Scholarships/Funding:** Not mentioned.

**Program Structure:**

* Face-to-face, daytime mode of study.
* The program is designed to teach a large spectrum of knowledge in mathematics essential for tasks like pricing financial derivatives, managing risk, and analyzing financial series.
* Students will develop skills to solve problems in new and unfamiliar situations, address complex issues, communicate their conclusions, and demonstrate willingness to continue learning throughout their professional lives.

**Exchange/Study-Abroad Options:** Not mentioned.

**Notable Features:**

* The program aims to fill the demand for professionals with a background in mathematics and statistics applied to finance.
* Students will have the opportunity to develop independent research activity through a project, which should translate into the consolidation of professional skills in the area of Quantitative Finance.
* The program is recognized by the Agência de Avaliação e Acreditação do Ensino Superior (ACEF) and the Direcção Geral de Ensino Superior (R/A-Ef 1580/2011/AL01).",Coimbra,"2026-05-10 14:18:35"
42,6,"Master in Management and Health Economics - Faculty of Economics - Courses - University of Coimbra",https://apps.uc.pt/courses/EN/course/852,"Here is a summary of the Master in Management and Health Economics program at the University of Coimbra:

**Field:** Management and Health Economics

**Language:** Portuguese (with potential for international students to engage with courses or exchange programs)

**Location:** University of Coimbra, Portugal

**Duration:** 2 years (60 ECTS credits), with a dissertation component (50 ECTS credits)

**Admission Requirements:**

* Holders of Bachelor's degrees taught in FEUC or equivalent
* Holders of foreign higher education degree awarded after the first study cycle organized according to the Bologna Process by an acceding State
* Holders of recognized foreign higher academic degree
* Exceptional cases with a scientific and professional curriculum relevant for attending the current study cycle

**Application Deadlines/Status:**

* Call for Applications: 2nd Cycle Course (check University's website for specific deadlines)
* Current students and readmission applications also available

**Tuition/Fees:** EU students: TBA; Non-EU students: TBA

**Scholarships/Funding:** Not mentioned on the official website, but potential sources may include the University of Coimbra or external organizations

**Program Structure:**

* Face-to-face teaching
* 120 ECTS credits (60 ECTS from taught subjects, 10 ECTS from follow-up seminar, and 50 ECTS from dissertation)
* Students can complete the 1st year and receive a ""Specialization Course Diploma"" in Health Management and Economics

**Exchange/Study-Abroad Options:** Not explicitly mentioned on the official website, but potential opportunities may exist through international exchange programs or partnerships with other universities

**Notable Features:**

* Recognition of prior learning (according to University's Academic Regulation)
* Qualification requirements established by Decree-Law nr 74/2006
* Potential for graduates to pursue studies at the PhD level

I hope this summary helps!",Coimbra,"2026-05-10 14:19:05"
43,6,"Masters degree in Accounting and Finance - Faculty of Economics - Courses - University of Coimbra",https://apps.uc.pt/courses/EN/course/862,"Here is a summarized description of the Master's program in Accounting and Finance at the University of Coimbra:

**Field:** Accounting and Finance

**Language:** Portuguese (though it's likely that some courses may be taught in English or other languages with international students)

**Location:** University of Coimbra, Portugal

**Duration:** 2 years, with a total of 120 ECTS credits

**Admission Requirements:**

* Holders of a Bachelor degree or legal equivalent
* Holders of a foreign higher education degree recognized by the Scientific Council
* In justified cases, applicants with a scientific and professional curriculum relevant for attending the current study cycle may access the Master's study cycles upon recognition by the Scientific Council

**Application Deadlines/Status:**

* Applications are accepted for the 2nd Cycle Course
* Readmission applications also accepted

**Tuition/Fees:** Not specified (likely to vary depending on EU or non-EU student status)

**Scholarships/Funding:** No specific information provided, but students may be eligible for scholarships or funding opportunities through the University of Coimbra or external organizations

**Program Structure:**

* Full-time, part-time, and face-to-face teaching modes available
* Assessment includes oral or written exams, written or practical work, individual and group projects, and class participation
* Grading is based on a scale of 0 to 20, with a minimum grade of 10 required to pass

**Exchange/Study-Abroad Options:** Not specifically mentioned, but the University of Coimbra may have international exchange programs or study-abroad opportunities available for students

**Notable Features:**

* The program aims to develop high professional competences and qualifications in accounting, taxation, and finance
* Students gain a global understanding of the importance of accounting, taxation, and finance in organizations and contemporary debates
* The program includes legal aspects, statistical methods, research methodologies, and auditing knowledge

I hope this summary helps! Let me know if you have any further questions.",Coimbra,"2026-05-10 14:19:41"
