id,university_id,source_url,raw_text,summary
1,1,https://www.novasbe.unl.pt/en/about-us/nova-sbe-at-a-glance,"A School of Business and Economics... and so much more Skip to main content What are you looking for? {{item.Title}} {{item.Url}} No results See all results Jump to main content Nova SBE Today Donate Now en pt cn About Us Programs Faculty & Research Community Life at Nova SBE What's Happening About Us Nova SBE at a Glance Our Mission The Brand Sustainability Governance Diversity, Equity, and Inclusion Quality & Accreditations Projects for a better future Social Equity Initiative Social Balance Social Database Leapfrog Applications: 6th Edition Current Editions Previous Editions Program Social Leapfrog Program Social Leadership Leadership for Managers The Advisory Board Our Community Join us Meet the Team Health Economics Overview Responsible Finance Fellowship for Excellence Join our School Faculty and Researchers People and Culture Contacts & Directions Programs Scholarships & Funding Ph.D.s Bachelor's Executive Master's Master's Overview Apply Bachelor's Degree Holders Isolated Courses Knowledge Crediting National Call Over 23 Re-entry Scholarships & Funding Transfers & Changes International Students Master's Admission Eligibility Scholarships & Funding Isolated Courses Re-Entry Executive Master's Isolated Courses General Admission Postgraduate Programs Admission and Application PH.D.'s Admission Eligibility FAQ Events Bachelor's Executive Master's Master's Let's talk it through Bachelor's Economics Overview Careers & Placement FAQ Apply Fees Program Student Advising (en-US) Management Overview Program Apply Fees Careers & Placement FAQ Ocean Studies Careers & Placement Apply Fees Program Overview Student Advising Master's Economics Overview Study Abroad Fees Careers Program Apply Scholarships & Funding Student Advising Finance Overview Program Study Abroad Fees Careers Scholarships & Funding Apply Student Advising Business Analytics Overview Apply Program Careers Scholarships & Funding Fees Study Abroad Student Advising Impact Entrepreneurship & Innovation Overview Study Abroad Fees Scholarships & Funding Apply Careers Program Student Advising International Development & Public Policy Overview Study Abroad Fees Careers Scholarships & Funding Apply Program Student Advising International Master's in Finance Overview Program Fees Careers Scholarships & Funding Apply Study Abroad International Master's in Management Overview Program Fees Careers Scholarships & Funding Apply Study Abroad Management Overview Study Abroad Fees Careers Scholarships & Funding Apply Program Student Advising CEMS MIM Overview Program International Experience Fees Careers Scholarships & Funding Apply Law & Management How to Apply Careers Fees Overview Program Study Abroad Law & Economics of the Sea Overview How to Apply Fees Program Study Abroad Double Degrees Dual Degree NYU Ph.D.s Ph.D. in Economics | Finance Research Areas Economics Faculty Finance Faculty Visiting Faculty Research Areas Funding How to Apply Overview Placement Program Fees Ph.D. Students Ph.D. in Management Research Areas Funding How to apply Placement Program Fees Overview Ph.D. Students Job Market Candidates Executive Master's The Lisbon MBA Exchange Programs Overview Freemover Students List of Agreements FAQ Incoming Exchange Students Outgoing Exchange Students Summer Schools PHD Summer School Executive Education Homepage Open Programs Marketing, Sales & Operations Sustainability & Impact Leadership & Change Management Management & Strategy Finance & Economics AI Data Digital Innovation & Entrepreneurship Companies Program Finder Calendar Faculty Contact us Blog Faculty & Research Faculty Research Areas Finance Economics Management Research Unit Overview Projects Publications Impact Highlights Chairs PhD Programs Reports Knowledge Centers Data, Operations & Technology Overview X-Collider Education Projects Publications Opportunities Team Contacts Events News Economics for Policy Economics of Education News Projects Publications Overview Events People Contacts MSc & PhD Environmental Economics Overview Publications Events News Contacts Projects People Finance About Us Education Finance PHD Events Projects Research People Events News Contacts Health Economics & Management Overview Contacts Events People News Publications Projects Leadership for Impact Overview People Projects Reports Opportunities Contacts NOVAFRICA People Overview Open & User Innovation Projects & Awards Education Publications Overview Events Contacts News Team Events & Seminars Highlights SOCIALinNOVA-HUB ERA Chair Community Corporate Link Talent Recruitment FAQ Corporate Collaboration Overview Fundraising Why donate? Our impact Get involved and meet our team Our Donors FAQ Donate Now for Scholarships Alumni Lifelong Learning Talent Community Get Involved Overview Team Labs & Forums Behavioral Lab Overview Projects Students Instructors People Contacts Inclusive Community Forum Overview Community Employability Overview Inclusive Journey Recruitment Peer2Peer Process Education Overview Inclusion Labs Process Empower to Employ Inclusion Projects Team Contacts Press Clipping VCW Lab Overview Projects Education Publications People Institutes Nova SBE Haddad Entrepreneurship Institute Overview Students Startups Research People What’s Happening Contacts Mentors Network Nova SBE Westmont Institute of Tourism & Hospitality Global Research Societal Outreach Education Overview People Contacts Nova SBE Public Policy Institute Overview Research Impact National Debate Competition Events Bites & Briefs People Contact Digital Data Design Institute Overview AI X Lab Learning Pathways Join as a partner! People Events Contacts News Life at Nova SBE Overview About the campus Getting started Nova Way of Life Student Support Community Engagement Well-being FAQ What's Happening Newsroom Overview Specialists Media Kit Contacts Press Releases News Events RRP @ Nova SBE Come closer A School of Business and Economics... and so much more What we stand for We understood our role from the very beginning of our journey. And for the past 40 years, we have committed to participating in the positive transformation of our world. As the world continues to change, we will continue to adapt to its multiple challenges. As the challenges continue - we will stay true to who we are. We believe we have a commitment to every single person who continues to wonder, discover, create. To all those who keep trying to improve themselves and make meaningful impact. We believe we should support those who strive to be better: to do better as people, professionals, leaders and as citizens. Tomorrow as with yesterday, we are a school with a role to play. A role we cannot avoid or delay. We will offer a space to all those who believe in our ability to do better - curious minds and resilient souls. A Space where ideas and ideals can flourish safely, freely. We are a community of world citizens who want to improve peoples' lives and in doing so, prove our collective potential to keep growing. This is our test and our ultimate driving force. Dean's Message At Nova SBE, we leave no student behind and firmly believe that each individual has the potential to make a difference and contribute positively to society through their purpose. Our commitment is to be a community dedicated to fostering talent and knowledge with a global impact. Beyond our position in international rankings, we are a school that invests in rigorous academic research with social, economic, and political relevance. With an outstanding faculty, strategic partnerships with international schools, and renowned companies, we continue to prepare leaders capable of turning challenges into opportunities and contributing to a fairer and more prosperous world, within an inclusive environment that celebrates diverse perspectives. Play Pause Mute Full Screen I chose to study at Nova SBE because it stood out as the most international school in Portugal, where the brightest minds are reshaping the world. My experience vastly surpassed my expectations. Not only is the faculty incredibly knowledgeable and approachable, but the staff is also consistently striving to improve the Nova SBE experience through feedback and openness Bernardo Henriques Bachelor’s in Economics, 2023 As a Master's student in Impact Entrepreneurship & Innovation, what I love the most about studying at Nova SBE is the hands-on mentality, which was reflected in our course work and the industry experience of our professors and guest speakers who facilitated connections into the ""real world"" as well as the diversity of students in terms of backgrounds, ideas, and interests. I can genuinely recommend this program to anyone willing to go the extra mile as I firmly believe the graduates of this Master's are equipped to change the world for the better a step at a time Jacqueline Pöppe Master's in impact, Entrepreneurship & Innovation, 2023 Doing my Master's at Nova SBE was truly a life-changing experience. I understood that, as in the professional world, everyone has different educational backgrounds, and every detail that sets you apart somehow will add an extra value to yourself, your colleagues, and Nova SBE Joana Dias da Costa Ben&Jerry's and Solero Brand Manager at Unilever, Lisbon – Portugal Master's in Management 2017 The Master's in Finance at Nova SBE is unique as it combines a solid fundamental education with powerful networking and career development opportunities. The school's growing reputation has had a direct impact on my career trajectory, and the global network I created at Nova SBE remains a powerful piece of my professional toolkit. Andrew Borts Vice President Morgan Stanley, New York – USA Master's in Finance 2016 Nova SBE is an important source of recruitment for L’oréal in Portugal and worldwide. Candidates stand out for their energy and of course, they guarantee an excellent academic preparation. They present a very professional approach from an early age and are very curious about the world around them. Sara Silva Human Relations Director, L’Oréal, Portugal Nova SBE Master's students are exposed to excellent and rigorous teaching combined with many different activities conducted jointly with companies, which allows them to develop crucial skills for the professional world. BCG hires at Nova SBE, and students have continuously proved to be able to structure, analyze, and solve complex problems as well as create empathy, work in a humble and collaborative way, and be driven by intellectual curiosity. Carlos Elavai Managing Director & Parner at BCG, Portugal Our Numbers Top worldwide rankings Financial Times #1 Executive Education in Portugal: #1 Portugal Open and Custom Program #15 Custom Programs in the World #3 Practical Application in the World #4 International Master's in Management in the world #6 International Master’s in Finance in the World #17 Business School in Europe #34 Lisbon MBA in Europe Eduniversal #2 Master’s in Finance in Europe #2 Master’s in Economics in Europe #2 Master’s in Management in Europe Triple Crown Accreditations Our commitment allowed us to gain several important accreditations. EQUIS, AMBA, AACSB . Only approximately 130 business schools in the world have all three accreditations. Our offer Networks We were chosen to join organizations of leading international business schools. CEMS, GBSN, PIM, PRME, UNICON, GMAC Bachelor’s The beginning of an exciting journey. If you choose to study at Nova SBE, you will have the opportunity to acquire knowledge and skills that will open doors in an increasingly competitive job market. Start your academic career today! Learn more Master's Our master's programs offer unique technical and applied knowledge and state-of-the-art teaching methodologies. Completing a Master's program at Nova SBE is your gateway to impacting the world. Leave your footprint today! Learn more PhD’s Our doctoral programs provide a solid theoretical and methodological basis, preparing Ph.D. candidates to develop independent research in several areas of expertise. Meet this vibrant research environment if you believe the quality of doctoral training and research are intimately connected. Learn more Executive Master’s Nova SBE's executive master's are designed to adjust to the needs of professionals who wish to invest in their education. They are flexible and adaptable to each context and guarantee training over 12 months in part-time and after-work hours, compatible with professional activity. Learn more Executive Education Recognized by the Financial Times as the best in Portugal, our Executive Education offers a set of programs for executives who recognize the value of investing in lifelong education. Its offer covers various areas, needs, and development challenges. Discover here the ideal program for you. Learn more Get Involved Alumni Alumni Club: a network of opportunities, resources, and networking events designed just for Nova SBE's Alumni. Discover exciting career insights and mentorship programs, and stay updated with the latest news, upcoming events, exclusive benefits, and career opportunities. Learn more Scholarships and Funding At Nova SBE, we believe in the transformative power of education. Our commitment extends beyond the boundaries of classrooms, reaching out to passionate minds eager to make a difference. To ensure the exceptional individuals have the opportunity to excel regardless of any financial barriers, we proudly present a robust set of scholarship and funding programs and initiatives. Learn more Corporate Discover all the ways you can be part of the Nova SBE community. Interact with the faculty, students, and experts to drive innovation, exchange knowledge, and create a lasting impact together. Learn more Nova SBE Store We believe in giving back. 100% of our merchandise profits will be used to fund scholarships for future pioneers. Nova SBE is committed to universal access to its programs and the promotion of social mobility, with financial sustainability and high academic standards at the core of its mission. Visit the store The vision states how the School would like to see itself as an organization in a near future. The vision states how the School would like to see itself as an organization in a near future. The vision states how the School would like to see itself as an organization in a near future. The vision states how the School would like to see itself as an organization in a near future. The vision states how the School would like to see itself as an organization in a near future. / New Campus What it's all about Collaborative teaching The renewed space encourages new teaching approaches that focus on student interaction and collaborative learning, rather than being solely focused on the teacher. Learning and networking The Campus was built for interaction. Here you will be able to meet and learn from other students, teachers, companies and even from Carcavelos neighbors! A great place to be Cozy inside, sunny outside. The new Campus benefits from the fantastic Lisbon weather and invites students to go outside as much as they want. Do you want to know more about the Nova way of life? Life at Nova SBE School features Set between Lisbon and Cascais, among the safest cities in Europe 70 % sunny days a year, coastal lifestyle Rich history and culture Open to diversity and creativity Comfortable for english speakers All courses taught in English 40 % international students Alumni are in 60+ countries and 100+ cities Strong link to the corporate world Welcome CITIZENS OF THE WORLD Nova SBE is a welcoming and supportive community that embraces diversity. In Portugal, and Lisbon, you will find a culture open to the world and a new generation of changemakers. 55% of the current students are international 200+ exchange deals with 50 countries +3M € Invested in scholarships for all programs 58% of Master's students find jobs abroad 21000+ former students work in more than 65 countries +27 Alumni Hubs across the globe 232 Faculty from over 20 different countries 8th best English proficiency country by Education First Research Nova SBE Research in 2022 591 Total publications from the last 5 years 100 Total publications from the last 5 years 4,4*e FT50 42 Total publications from the last 5 years 4* 92 Total Core Faculty 84 Total PHD students 312 Total workshops from the last 5 years 3 Faculty Mobility Fellowships (2023/2024): MIT-Sloan School of Management; University of Southern California, Marshal School of Business; University of California, Berkeley 18.3M€ Funding from Research Projects, over the last 5 years Knowledge Centers, Institutes & Labs Digital Data Design Institute at Nova SBE and NOVA Medical School The Digital Data Design Institute at Nova SBE and NOVA Medical School focuses on integrating data science and artificial intelligence into healthcare and management practices, driving forward the digital transformation of these fields. With a mission to deliver impactful, data-driven solutions, the Institute fosters interdisciplinary collaboration and cutting-edge research, creating new paradigms in education and professional practice. Nova SBE reinforces its commitment to global excellence and societal progress through this initiative by bridging the gap between technology, academia, and practical applications. Learn more Nova SBE Behavioral Lab At Nova SBE Behavioral Lab, teachers, students, and researchers work together to improve the scientific understanding of human behavior. Here, experience meets science to unlock human potential and generate better interactions and approaches between people, companies, and society. Through a holistic perspective, this Lab wants to be a lever for more human-centered business models and decisions. Learn more Nova SBE Co.Innovation Lab Nova SBE Co.Innovation Labis a space for co-creating agile, action-oriented solutions. By facilitating communication between people, companies, industries, and society, the Nova SBE Co.Innovation Lab aims to change the paradigm of ""business as usual"" and create a lasting impact on the entrepreneurial culture of Portuguese companies. Learn more Nova SBE Data, Operations and Technology Knowledge Center At the intersection of academia and industry, the Nova SBE Data Science Knowledge Center empowers individuals and organizations to harness the power of data for informed decision-making. Learn more Nova SBE Economics for Policy Knowledge Center Unlocking solutions through policies. The Nova SBE Economics for Policy Knowledge Center aims to drive meaningful change through rigorous research, informed analysis, and innovative policy solutions. Learn more Nova SBE Economics of Education Knowledge Center Empowering futures, illuminating paths. The Nova SBE Economics of Education Knowledge Center is at the forefront of unraveling the global dynamics that aim to improve education systems, striving to create a world where education is a beacon of opportunity for all. Learn more Nova SBE Environmental Economics Knowledge Center Embark on a journey of sustainable solutions with Nova SBE's Environmental Economics Knowledge Center – a hub where economic principles converge with environmental stewardship. Here, we navigate the complex terrain of ecological challenges, offering innovative insights and policy recommendations that bridge the gap between economic development and environmental preservation. Learn more Nova SBE Finance Knowledge Center Meet the dynamic world of finance with Nova SBE's Finance Knowledge Center – a powerhouse of insights and expertise at the crossroads of academia and industry. At the heart of global financial developments, the center aims to advance the understanding and practice of finance through cutting-edge research, hands-on learning, and strategic partnerships. Learn more Nova SBE Haddad Entrepreneurship Institute As a catalyst for innovation, creativity, and the cultivation of entrepreneurial mindsets, the Nova SBE Haddad Entrepreneurship Institute is at the forefront of entrepreneurial education and support, dedicated to empowering aspiring entrepreneurs and seasoned innovators alike. Through cutting-edge research, hands-on experiences, and strategic partnerships, the institute provides a fertile ground for developing visionary ideas. Learn more Nova SBE Health Economics & Management Knowledge Center The Nova SBE Health Economics & Management Knowledge Center is a nexus of innovation where healthcare meets economic insight. In a world where the health sector is undergoing rapid transformation, the center aims to unravel the intricate relationship between economics, management, and the delivery of healthcare services. This knowledge center offers a unique space where theory meets practice and where the business of healthcare is redefined for a healthier tomorrow. Learn more Nova SBE Leadership for Impact Knowledge Center Step into the realm of transformative leadership with Nova SBE's Leadership for Impact Knowledge Center – a dynamic space where leadership transcends traditional boundaries. Committed to cultivating leaders who drive positive change, this center merges rigorous academic research with practical insights, preparing individuals to make a meaningful impact in their organizations and communities. Learn more Nova SBE NOVAFRICA Knowledge Center Welcome to the Nova SBE NOVAFRICA Knowledge Center – an intellectual powerhouse dedicated to unlocking Africa's economic and social potential. At the intersection of rigorous research and actionable insights, the Nova SBE NOVAFRICA Knowledge Center stands as a beacon for understanding and addressing the unique challenges and opportunities across the African continent, thriving on a multidisciplinary approach, bringing together scholars, policymakers, and practitioners to foster innovative solutions for sustainable development. Learn more Nova SBE Open & User Innovation Knowledge Center Meet the Nova SBE Open & User Innovation Knowledge Center – an incubator of ideas where collaboration and creativity converge. At the heart of the evolving innovation landscape, the center is dedicated to exploring the transformative power of open and user-driven approaches. Through cutting-edge research, collaborative projects, and interactive workshops, they foster an environment where ideas are generated and thrive. Learn more Nova SBE Public Policy Institute The Nova SBE Public Policy Institute is an innovative platform to reshape how we tackle modern public policy challenges. With a focus on critical areas such as public finance, housing, productivity, and leveraging artificial intelligence in public administration, the Institute employs a multidisciplinary approach to craft impactful, evidence-based solutions. Positioned as a neutral and collaborative space, it bridges academia, government, and civil society through four pillars: high-quality research, educational programs, practical initiatives, and strategic communication. Learn more Nova SBE Westmont Institute of Tourism & Hospitality As a beacon in Tourism & Hospitality, this institute is dedicated to advancing knowledge, fostering innovation, and shaping future leaders in tourism and hospitality. Through a comprehensive blend of research, industry collaborations, and hands-on learning experiences, the Nova SBE Westmont Institute of Tourism & Hospitality equips individuals with the skills and insights needed to navigate the evolving landscape of global tourism. Learn more Strategic Areas Artificial Intelligence Nova SBE is at the forefront of integrating Artificial Intelligence in the education sector, exploring how this technology transforms industries, fosters innovative solutions, and enhances decision-making in dynamic environments. We develop tools and knowledge to address global challenges through interdisciplinary research and strategic partnerships, ensuring sustainable and ethical impact. + INFO Public Policy Nova SBE is committed to contributing to the development of public policies that enhance society's overall quality of life, fostering solutions that transcend political ideologies. By promoting research excellence, interdisciplinary collaboration, and education, the school positions itself as a neutral and innovative agent of change. Nova SBE actively supports the design and implementation of evidence-based policies, addressing complex societal challenges while driving sustainable development and inclusive growth. + INFO Sustainability Nova SBE is committed to its role for a better, more sustainable future. This means embracing sustainability to provide a blueprint for our future leaders to achieve peace, prosperity, and balance now and in the future. + INFO + INFO Strategic Iniciatives Estoril Conferences Yearly and with a two-day agenda focused on global challenges, the Estoril Conferences aim to promote an intergenerational dialogue between international leaders and younger generations to inspire the co-creation of effective, solution-focused partnerships for a more inclusive and sustainable future. Learn more Finance For All The Finanças Para Todos (Finance For All) program was born out of the deep conviction that universities play a fundamental role in providing services to civil society, especially concerning knowledge and information gaps in relevant areas, such as finance. The creation of this project also comes as a contribution from the Nova SBE Finance Knowledge Center to the achievement of the 2030 Agenda on the Sustainable Development Goals, namely goals 4 - Quality Education, 8 - Decent Work and Economic Growth, and 10 - Reducing Inequalities. Learn more (por) Digital Data Design Institute at Nova SBE and NOVA Medical School The Digital Data Design Institute at Nova SBE and NOVA Medical School focuses on integrating data science and artificial intelligence into healthcare and management practices, driving forward the digital transformation of these fields. With a mission to deliver impactful, data-driven solutions, the Institute fosters interdisciplinary collaboration and cutting-edge research, creating new paradigms in education and professional practice. Learn more Nova SBE VOICE Leadership Initiative Nova SBE aims to mobilize an ecosystem of key partners to support the modernization and competitiveness of Portuguese SMEs by empowering their decision-makers. This program is part of a research study by the Nova School of Business and Economics (Nova SBE), which measures the impact of education on increasing the competitiveness of Portuguese SMEs at the national and international levels. Learn more Nova SBE Public Policy Institute The Nova SBE Public Policy Institute is an innovative platform to reshape how we tackle modern public policy challenges. With a focus on critical areas such as public finance, housing, productivity, and leveraging artificial intelligence in public administration, the Institute employs a multidisciplinary approach to craft impactful, evidence-based solutions. Positioned as a neutral and collaborative space, it bridges academia, government, and civil society through four pillars: high-quality research, educational programs, practical initiatives, and strategic communication. learn more Awards and Recognitions Human Resources Portugal - Educational Institutions category Marketeer - Educational Institutions and Universities category Meios & Publicidade – Science and Education Sector Superbrands RepScore (OnStrategy) – Best Emotional Reputation Brand and Education & Universities categories Prof. António Alvarenga BBC: ""The U-turn on Putin and Ukraine - How Trump Got to Where Biden Was Read article Prof. Cátia Batista BBC News: ""Cyprus Has a 'Brain Gain' Plan"" Podcast Prof. Pedro Brinca China Daily: ""Anti-Dumping Probe by EU Raises Concerns"" Read Article Find out more Discover our family Nova SBE is part of NOVA University Lisbon, one of the most reputable universities in Portugal. Take me there Share Facebook Twitter LinkedIn Email Contacts Contacts & Directions Ecosystem Students Alumni Research Knowledge Centers Shortcuts Join our School Regulations & Public Announcements Fundação Alfredo de Sousa Library Nova SBE Today Moodle@NovaSBE Webmail Student Hub Whistleblower Portal Follow us Facebook Twitter Instagram LinkedIn Youtube Accredited by: Member of: Participant in: Recovery and Resilience Plan (RRP) Privacy Policy Cookies Policy Back to top","Nova SBE is a renowned School of Business and Economics with a strong academic reputation, boasting international rankings and a commitment to rigorous research with social relevance. As a master's student at Nova SBE, you'll benefit from an outstanding faculty, strategic partnerships with top international schools, and connections to renowned companies.

The campus is located in Lisbon, Portugal, offering a unique blend of European culture and cosmopolitan flair. English is the primary language spoken on campus, making it easy for international students to integrate and focus on their studies. The atmosphere is vibrant, with a mix of Portuguese and international students, fostering an inclusive environment that celebrates diverse perspectives.

Nova SBE's Master's programs are designed to equip you with the skills and knowledge to tackle real-world challenges. You'll have access to cutting-edge research facilities, career support services, and opportunities to engage with industry experts through events, seminars, and internships. The school's focus on entrepreneurship, innovation, and sustainability ensures that your studies have a tangible impact on the world.

As a master's student at Nova SBE, you can expect:

* A rigorous academic program with a strong research focus
* Career support services to help you achieve your professional goals
* Connections to industry leaders through events, seminars, and internships
* A vibrant campus atmosphere with a mix of international students and faculty
* English as the primary language spoken on campus

Overall, Nova SBE offers an excellent environment for master's students seeking to develop their skills, knowledge, and networks in business and economics."
2,3,https://www.iseg.ulisboa.pt/en/about/,"About - ISEG ULisboa News News Clipping Newsletter Store Events Contacts Helpdesk Login Português About Overview Dean’s Welcome Mission & Vision History Leadership & Organisation Documents & Legislation Accreditations & Memberships Sustainability Related Links Contacts Campus Quality Partnerships & Cooperation Agreements Academic Integrity Media and Brand Identity ULisboa Elections 2026 Study Overview Undergraduate degrees Masters PhDs ISEG MBA Executive Education Related Links Student Services Well-being Scholarships & Awards Academic Services International Mobility Office Careers Services Research Overview Data Lab Futures Lab Policy Lab XLAB Events Related Links Library PhDs Dissertations Publications Active Projects HR Excellence in Research People Overview Faculty Alumni Students Professional Staff Related Links Human Resources Department Alumni Económicas Fundação Económicas Life at ISEG Overview Campus Living in Lisbon Student Clubs Culture & Sports Related Links Culture & Society Student Association International Student Guide ISEG Buddy Search for: About Overview Dean’s Welcome Mission & Vision History Leadership & Organisation Documents & Legislation Accreditations & Memberships Sustainability Related Links Contacts Campus Quality Partnerships & Cooperation Agreements Academic Integrity Media and Brand Identity ULisboa Elections 2026 Study Overview Undergraduate degrees Masters PhDs ISEG MBA Executive Education Related Links Student Services Well-being Scholarships & Awards Academic Services International Mobility Office Careers Services Research Overview Data Lab Futures Lab Policy Lab XLAB Events Related Links Library PhDs Dissertations Publications Active Projects HR Excellence in Research People Overview Faculty Alumni Students Professional Staff Related Links Human Resources Department Alumni Económicas Fundação Económicas Life at ISEG Overview Campus Living in Lisbon Student Clubs Culture & Sports Related Links Culture & Society Student Association International Student Guide ISEG Buddy ULisboa News News Clipping Newsletter Store Events Contacts Helpdesk Login Português Home Shaping the future since 1911. There is always room for new ideas at ISEG. We are the first school of economics and management to be founded in Portugal and are now an integral part of the country's largest university, Universidade de Lisboa. We have a high standard of teaching, which is recognised by international education bodies and rankings such as the Financial Times, EQUIS, AACSB, and AMBA, based on a culture of permanent innovation and continuous collaboration between students and faculty. This strong reputation comes from the quality of our graduates, faculty, and research, as well as the impact of our activities on the community. #1 Part of Universidade de Lisboa – the Number 1 university in Portugal. 1% In the top 1% of the best economics and management schools worldwide with EQUIS, AACS and AMBA accreditations 113 More than a century leading education in economics and management in Portugal Dean’s Welcome Read the Dean's Welcome Message We are an eclectic school, open to the world, which challenges itself to respond to changes in the various areas of society. Today we are a school that is based on ethical principles, innovation, and entrepreneurship, where three pillars grow from these: sustainability, internationalisation, and service to society. João Duque Mission & Vision ISEG’s mission is to create, share and enhance the socio-economic value of knowledge and culture in the fields of Economics, Finance and Business, through an approach based on plurality, the guarantee of freedom of intellectual and scientific expression, and respect for ethical principles and social responsibility. Find out more History Officially founded in 1911, ISEG’s history goes back to the “Commerce Class” (Aula de Comércio), which was created in 1759 by order of the Marquis of Pombal to provide a secondary level education in technical and commercial activities. Find out more Leadership & Governance ISEG’s leadership team ensures the anticipation of new trends and the adaption and response to contemporary challenges, while fostering a collaborative, multi-cultural, and open-minded environment for our students. Find out more ULisboa ISEG is part of Universidade de Lisboa, the largest and most prestigious university in Portugal and one of Europe’s leading universities, with a community of over 50,000 students. Find out more Additional Resources Documents & Legislation ISEG Campus Contacts Rankings Member Accreditation & Partnerships Subscribe to ISEG's Newsletter Quick Links Contacts IT Department Academic Services Library Media and Brand Identity Universidade de Lisboa For Students Fénix Helpdesk Office 365 Careers Services In the loop Newsletter News Events Copyright © ISEG Lisbon School of Economics and Management 2026 Complaint Book Reporting Channel Privacy Policy Chatbot 1 ×","ISEG, the Lisbon School of Economics and Management, is a renowned institution within Universidade de Lisboa, one of Europe's leading universities. Our academic reputation is built on a strong foundation of quality teaching, research excellence, and international recognition from esteemed bodies such as EQUIS, AACSB, and AMBA.

As an ISEG student, you'll be part of a dynamic environment that values diversity, innovation, and entrepreneurship. The campus is located in the heart of Lisbon, Portugal's capital city, offering a unique blend of historic charm and modern amenities. You can expect to engage with students and faculty from around the world, creating a stimulating atmosphere for learning and networking.

ISEG is particularly strong in its master's programs, which focus on addressing real-world challenges through cutting-edge research and practical applications. Our academic services team provides dedicated support for career development, ensuring you're well-equipped to excel in your chosen field. You'll also have access to industry connections, internship opportunities, and guest lectures from prominent professionals.

In terms of language, Portuguese is the official language, but many courses are taught in English, making it easy for international students to integrate into the community. Lisbon itself is a vibrant city with a rich cultural heritage, offering endless opportunities for exploration and leisure activities.

At ISEG, we're committed to helping you achieve your academic and professional goals. Our mission is to create socio-economic value through knowledge-sharing, innovation, and entrepreneurship, and we invite you to join us in shaping the future of economics and management."
3,4,https://www.up.pt/portal/en/explore/about-uporto/rankings/,"U.Porto in the Rankings - University of Porto Skip to main content About the University The Faculties Mission and Values History Facts and Figures U.Porto in the Rankings Awards and Accolades Quality and Accreditation Sustainability Equality, Inclusion and Diversity Plans and Reports Recruitment Opportunities Faculties Faculty of Architecture Faculty of Arts and Humanities Faculty of Dental Medicine Faculty of Engineering Faculty of Fine Arts Faculty of Law Faculty of Medicine Faculty of Nutrition and Food Sciences Faculty of Pharmacy Faculty of Psychology and Education Science Faculty of Sciences Faculty of Sport Nursing School School of Economics and Management School of Medicine and Biomedical Sciences Porto Business School PT EN Main Menu Universidade do Porto Secondary Menu Study Research Innovate Live Explore Pesquisar Search Pesquisar At a glance Study at U.Porto Study at U.Porto Bachelor's and Integrated Master’s Degrees Why U.Porto? Why U.Porto? List of Courses List of Courses Applications and Admissions Applications and Admissions General Information and Tuition Fees General Information and Tuition Fees Office for Admissions to Higher Education (GAES-UP) Office for Admissions to Higher Education (GAES-UP) Learning Support Libraries Libraries Study Spaces Study Spaces Students with a Disability Students with a Disability IT Resources IT Resources e-Learning Cafés e-Learning Cafés Peer Mentoring Peer Mentoring Master’s Degrees List of Courses List of Courses Applications and Admissions Applications and Admissions General Information and Tuition Fees General Information and Tuition Fees Mobility Study Abroad Study Abroad Study at U.Porto Study at U.Porto Recognitions Recognition of Foreign Degrees and Higher Education Diplomas Recognition of Foreign Degrees and Higher Education Diplomas Doctorates List of Courses List of Courses Applications and Admissions Applications and Admissions General Information and Tuition Fees General Information and Tuition Fees International Students Why U.Porto? Why U.Porto? Study in Porto Study in Porto How to apply? How to apply? Applications for International Students Applications for International Students [email protected] [email protected] Learning Portuguese Learning Portuguese Useful Information Useful Information Students in Humanitarian Emergency due to the War in Ukraine Students in Humanitarian Emergency due to the War in Ukraine Lifelong Learning List of Courses List of Courses Applications and Admissions Applications and Admissions Lifelong Learning Portal Lifelong Learning Portal Academic Information Academic Support Academic Support Academic Calendar Academic Calendar Academic Glossary Academic Glossary Educational Innovation What we do What we do PRR Impulses U.Porto Programme for Multidisciplinary Education and Training U.Porto Programme for Multidisciplinary Education and Training At a glance Research at U.Porto Research at U.Porto What We Research R&D Fields R&D Fields Scientific Production Scientific Production R&D Projects R&D Projects Scientific Infrastructures and Platforms Scientific Infrastructures and Platforms Research Networks Research Networks [email protected] [email protected] Research Ecosystem R&D Structures R&D Structures R&D Units R&D Units Research Support Support Services Support Services Funding Opportunities Funding Opportunities Resources and Tools Resources and Tools Research and Projects Office Portal Research and Projects Office Portal Initiatives Young Researchers Meeting – IJUP Young Researchers Meeting – IJUP Excellence Award in Scientific Research Excellence Award in Scientific Research Three Minute Thesis - U.Porto 3MT® Competition Three Minute Thesis - U.Porto 3MT® Competition Open Science Open Access Open Access Open Repository Open Repository Policies and Regulations Ethics in Research Ethics in Research Institutional Affiliation Institutional Affiliation R&D Regulations R&D Regulations Where We Innovate Learn About Innovation at U.Porto Learn About Innovation at U.Porto Patent Portfolio Patent Portfolio Knowledge Transfer Valuing research results Valuing research results Technology Transfer Technology Transfer Entrepreneurship Supporting Entrepreneurship Supporting Entrepreneurship Initiatives iUP25k iUP25k BIP Acceleration BIP Acceleration BIP Ignition BIP Ignition BIP PROOF BIP PROOF IJUP Business IJUP Business European Innovation Academy European Innovation Academy Escola de Startups Escola de Startups Business Incubator UPTEC - Science and Technology Park UPTEC - Science and Technology Park Innovate With Us Become a part of U.Porto’s innovation Become a part of U.Porto’s innovation U.Porto Innovation U.Porto Innovation Student Life An experience for life An experience for life Welcoming and Integration Welcoming and Integration Accomodation Accomodation Canteens, Snack-Bars and Restaurants Canteens, Snack-Bars and Restaurants Scholarships and Funding Scholarships and Funding Student Associations Student Associations International Student Associations International Student Associations Cultural Groups Cultural Groups Health and Well-Being Medical support Medical support Mental Health Promotion Programme at U.Porto Mental Health Promotion Programme at U.Porto U.Porto Integrated Health and Well-Being Plan U.Porto Integrated Health and Well-Being Plan Sport and Leisure Sport at U.Porto Sport at U.Porto Centro de Desporto da U.Porto Centro de Desporto da U.Porto Talent and Careers Career Services Career Services Recruiting talent from U.Porto Recruiting talent from U.Porto Talent and Career Portal Talent and Career Portal Volunteer Work Volunteering Volunteering U.Porto Card A world of advantages A world of advantages Alumni A lifelong connection A lifelong connection Alumni Portal Alumni Portal Porto Getting here Getting here Discovering the City Discovering the City What not to miss What not to miss Useful Information and Services Useful Information and Services About U.Porto Mission and Values Mission and Values History History The Faculties The Faculties Facts and Figures Facts and Figures U.Porto in the Rankings U.Porto in the Rankings Awards and Accolades Awards and Accolades Quality and Accreditation Quality and Accreditation Sustainability Sustainability Equality, Inclusion and Diversity Equality, Inclusion and Diversity Ethics and Conduct Ethics and Conduct Plans and Reports Plans and Reports Recruitment Opportunities Recruitment Opportunities Social Collaboration Social Collaboration Organisation Governance Governance Administration and operations Administration and operations Ethics Committee Ethics Committee Ombudsmen Ombudsmen Complaints Portal Complaints Portal The Community Our People Our People The Campus Interactive Map Interactive Map Virtual tours Virtual tours Cultures, Museums and Heritage Museums Museums Casa Comum Casa Comum Porto University Club Porto University Club Historic Buildings Historic Buildings Green Spaces Green Spaces Cultural Corridor Cultural Corridor U.Porto Press U.Porto Press Confucius Institute at U.Porto Confucius Institute at U.Porto Porto Pernambuco Institute Porto Pernambuco Institute Schools and Juniors Learn about U.Porto Learn about U.Porto School Visits School Visits Junior University Junior University U.Porto Shop Visit U.Porto Shop Visit U.Porto Shop What's on At U.Porto? Follow U.Porto Follow U.Porto Cultural events Cultural events Annual events Annual events U.Porto in the World International Cooperation International Cooperation [email protected] [email protected] Mobility Programmes Mobility Programmes Partnerships Partnerships U.Porto in the Community Services for the Community Services for the Community Frequently Asked Questions Prospective Students Prospective Students U.Porto Students U.Porto Students International Students International Students Alumni Alumni Professionals Professionals Fechar Menu Study Study At a glance At a glance Study at U.Porto Bachelor's and Integrated Master’s Degrees Bachelor's and Integrated Master’s Degrees Why U.Porto? List of Courses Applications and Admissions General Information and Tuition Fees Office for Admissions to Higher Education (GAES-UP) Learning Support Learning Support Libraries Study Spaces Students with a Disability IT Resources e-Learning Cafés Peer Mentoring Master’s Degrees Master’s Degrees List of Courses Applications and Admissions General Information and Tuition Fees Mobility Mobility Study Abroad Study at U.Porto Recognitions Recognitions Recognition of Foreign Degrees and Higher Education Diplomas Doctorates Doctorates List of Courses Applications and Admissions General Information and Tuition Fees International Students International Students Why U.Porto? Study in Porto How to apply? Applications for International Students [email protected] Learning Portuguese Useful Information Students in Humanitarian Emergency due to the War in Ukraine Lifelong Learning Lifelong Learning List of Courses Applications and Admissions Lifelong Learning Portal Academic Information Academic Information Academic Support Academic Calendar Academic Glossary Educational Innovation Educational Innovation What we do PRR Impulses PRR Impulses U.Porto Programme for Multidisciplinary Education and Training Research Research At a glance At a glance Research at U.Porto What We Research What We Research R&D Fields Scientific Production R&D Projects Scientific Infrastructures and Platforms Research Networks [email protected] Research Ecosystem Research Ecosystem R&D Structures R&D Units Research Support Research Support Support Services Funding Opportunities Resources and Tools Research and Projects Office Portal Initiatives Initiatives Young Researchers Meeting – IJUP Excellence Award in Scientific Research Three Minute Thesis - U.Porto 3MT® Competition Open Science Open Science Open Access Open Repository Policies and Regulations Policies and Regulations Ethics in Research Institutional Affiliation R&D Regulations Innovate Innovate Where We Innovate Where We Innovate Learn About Innovation at U.Porto Patent Portfolio Knowledge Transfer Knowledge Transfer Valuing research results Technology Transfer Entrepreneurship Entrepreneurship Supporting Entrepreneurship Initiatives Initiatives iUP25k BIP Acceleration BIP Ignition BIP PROOF IJUP Business European Innovation Academy Escola de Startups Business Incubator Business Incubator UPTEC - Science and Technology Park Innovate With Us Innovate With Us Become a part of U.Porto’s innovation U.Porto Innovation Live Live Student Life Student Life An experience for life Welcoming and Integration Accomodation Canteens, Snack-Bars and Restaurants Scholarships and Funding Student Associations International Student Associations Cultural Groups Health and Well-Being Health and Well-Being Medical support Mental Health Promotion Programme at U.Porto U.Porto Integrated Health and Well-Being Plan Sport and Leisure Sport and Leisure Sport at U.Porto Centro de Desporto da U.Porto Talent and Careers Talent and Careers Career Services Recruiting talent from U.Porto Talent and Career Portal Volunteer Work Volunteer Work Volunteering U.Porto Card U.Porto Card A world of advantages Alumni Alumni A lifelong connection Alumni Portal Porto Porto Getting here Discovering the City What not to miss Useful Information and Services Explore Explore About U.Porto About U.Porto Mission and Values History The Faculties Facts and Figures U.Porto in the Rankings Awards and Accolades Quality and Accreditation Sustainability Equality, Inclusion and Diversity Ethics and Conduct Plans and Reports Recruitment Opportunities Social Collaboration Organisation Organisation Governance Administration and operations Ethics Committee Ombudsmen Complaints Portal The Community The Community Our People The Campus The Campus Interactive Map Virtual tours Cultures, Museums and Heritage Cultures, Museums and Heritage Museums Casa Comum Porto University Club Historic Buildings Green Spaces Cultural Corridor U.Porto Press Confucius Institute at U.Porto Porto Pernambuco Institute Schools and Juniors Schools and Juniors Learn about U.Porto School Visits Junior University U.Porto Shop U.Porto Shop Visit U.Porto Shop What's on At U.Porto? What's on At U.Porto? Follow U.Porto Cultural events Annual events U.Porto in the World U.Porto in the World International Cooperation [email protected] Mobility Programmes Partnerships U.Porto in the Community U.Porto in the Community Services for the Community Frequently Asked Questions Frequently Asked Questions Prospective Students U.Porto Students International Students Alumni Professionals Pesquisar Fechar Menu PT EN About the University The Faculties Mission and Values History Facts and Figures U.Porto in the Rankings Awards and Accolades Quality and Accreditation Sustainability Equality, Inclusion and Diversity Plans and Reports Recruitment Opportunities Faculties Faculty of Architecture Faculty of Arts and Humanities Faculty of Dental Medicine Faculty of Engineering Faculty of Fine Arts Faculty of Law Faculty of Medicine Faculty of Nutrition and Food Sciences Faculty of Pharmacy Faculty of Psychology and Education Science Faculty of Sciences Faculty of Sport Nursing School School of Economics and Management School of Medicine and Biomedical Sciences Porto Business School Explore About U.Porto Mission and Values History The Faculties Facts and Figures U.Porto in the Rankings Awards and Accolades Quality and Accreditation Sustainability Equality, Inclusion and Diversity Ethics and Conduct Plans and Reports Recruitment Opportunities Social Collaboration Organisation Governance Administration and operations Ethics Committee Ombudsmen Complaints Portal The Community Our People The Campus Interactive Map Virtual tours U.Porto in the World International Cooperation [email protected] Mobility Programmes Partnerships U.Porto in the Community Services for the Community Cultures, Museums and Heritage Museums Casa Comum Porto University Club Historic Buildings Green Spaces Cultural Corridor U.Porto Press Confucius Institute at U.Porto Porto Pernambuco Institute Schools and Juniors Learn about U.Porto School Visits Junior University U.Porto Shop Visit U.Porto Shop What's on At U.Porto? Follow U.Porto Cultural events Annual events Frequently Asked Questions Prospective Students U.Porto Students International Students Alumni Professionals About U.Porto - U.Porto in the Rankings The University of Porto is one of the most distinguished Portuguese institutions in international academic and scientific rankings. Rankings U.Porto’s notable evolution in education and research is illustrated by its position in the major international academic rankings, which evaluate the quality of higher education institutions worldwide. In recent years, U.Porto has consolidated its position in leading world rankings , generally ranking among the top 100 European universities and among the top 350 universities in the world. It also stands out in these rankings among the Portuguese higher education institutions with the highest standards and reputation. U.Porto’s excellent performance is also recognised in specialised rankings, where it is listed among the best institutions in the world in a variety of fields. The University’s classification in the rankings is the result of its dedication to excellence in education, scientific production, innovation and knowledge transfer, culture and openness to society. World rankings QS World University Rankings 2026 2nd in Portugal 14th in Ibero-America 96th in Europe 237th-238th in the World Learn more about the QS World University Rankings 2026 U.Porto’s fact sheet about the QS World University Rankings 2026 The Academic Ranking of World Universities (ARWU) - Shanghai Ranking 2025 1st-2nd in Portugal 3rd–7th in Ibero-America 74th–109th in Europe 201st–300th in the World Learn more about the Shanghai Ranking 2025 U.Porto’s report about the Shanghai Ranking 2025 Times Higher Education (THE) 2025 World University Rankings 1st-3rd in Portugal 8th–11th in Ibero-America 182nd–218th in Europe 401st–500th in the World Learn more about THE 2026 World University Rankings U.Porto’s report about THE 2026 World University Rankings CWTS Leiden Ranking 2025 2nd in Portugal 5th in Ibero-America 34th in Europe 162nd in the World Learn more about the CWTS Leiden Ranking 2025 U.Porto’s report about the CWTS Leiden Ranking 2025 QS World University Rankings: Sustainability 2026 2nd in Portugal 5th in Ibero-America 79th-80th in Europe 150th-152nd in the World Learn more about the QS World University Rankings: Sustainability 2026 U.Porto’s fact sheet about the QS World University Rankings: Sustainability 2026 QS World University Rankings by Subject 2026 69th in the World in Pharmacy & Pharmacology 51-100th in the World in Architecture 51-100th  in the World in Sports 51-100th  in the World in Library Management 101-150th in the World in Agriculture and Forestry 101-200th in the World in Anatomy & Physiology 101-150th in the World in Civil Engineering 101-150th in the World in Chemical Engineering Learn more about the QS World University Rankings by Subject 2026 U.Porto’s fact sheet about the QS World University Rankings by Subject 2026 Shanghai Ranking's Global Ranking of Academic Subjects (GRAS) 2025 38th in the World in Marine / Ocean engineering 50th  in the World in Food Science and Technology 51-75th in the World in Civil Engineering 76th–100th in Pharmacy & Pharmaceutical Sciences Learn more about GRAS 2025 Media U.Porto News U.Porto Agenda Media Contacts Image Manual Brochures and Presentations U.Porto Portals Social Support Services (SASUP) CDUP - U.Porto Sports Centre Alumni Portal UPdigital Portal Educational Innovation Research and Projects Office U.Porto Innovation Talent and Career Peer Mentoring Volunteering at U.Porto U.Porto PRESS U.Porto Shop Funded Projects SIGARRA U.Porto Contacts Reitoria da Universidade do Porto Praça Gomes Teixeira 4099-002 Porto, Portugal Tel.: (+351) 220 408 000 E-mail: [email protected] © University of Porto 2026 Privacy Policy Personal Data Protection Whistleblowing Electronic Yellow Book Accessibility","The University of Porto (U.Porto) is a renowned institution in the European academic landscape, boasting a strong reputation for its high-quality education and cutting-edge research. As a master's student at U.Porto, you can expect to benefit from a rich learning environment that combines theoretical knowledge with practical applications.

The university offers a diverse range of master's programs across various fields, including engineering, medicine, arts, and humanities. Many of these programs are taught in English, making it an attractive option for international students seeking a globally competitive education. The campus itself is located in the heart of Porto, a vibrant city with a rich cultural heritage.

For master's students looking to kickstart their careers, U.Porto offers exceptional support services, including career counseling and networking opportunities with industry professionals. The university also has strong connections with leading research institutions and industries, providing ample opportunities for collaboration and professional development.

In terms of campus life, U.Porto's facilities are modern and well-equipped, with a range of study spaces, libraries, and IT resources available to students. The city itself is compact and easy to navigate, with plenty of cultural attractions, restaurants, and cafes to explore in your free time.

Overall, the University of Porto offers an excellent combination of academic rigor, research opportunities, and career support, making it an attractive choice for master's students seeking a world-class education."
4,5,https://www.ulisboa.pt/en/sobre-nos,"At a glance | ULisboa Skip to main content Menu de utilizador User EN PT Open Search Bar Apply What are you looking for? Close Search Bar Home At a Glance At a glance ULisboa is responsible for making the city of Lisbon one of the great European capitals of culture and science, as it welcomes more than 9000 foreign students every year – about 17,8% of the total number of students – from over 100 countries, who are seeking high quality education as well as a different culture, delightful weather and the hospitality that Lisbon, and Portugal, have to offer. ULisboa is currently Portugal’s largest University and one of Europe’s largest. Located in the heart of the city, it provides its entire community with the best and most diverse academic programs and vows to deliver a uniquely enriching experience. READ MORE At a Glance At a Glance University Organization Human Resourses ULisboa Press Merit Scholarships History Graphic Identity Brochures and Flyers Campi Evaluation and Quality Social Responsibility Schools Social Services News Agenda From Lisbon to the World As an institution of education and science committed to the progress of society, Universidade de Lisboa is based on the creation, transfer and social and economic reinforcement of knowledge and culture. Vision: ULisboa is set on promoting its cohesion and spirit of identity; on attracting the best students; on fostering interaction with productive structures and public authorities; on encouraging the renewal, qualification and mobility of Human Resources; on reinforcing its intervention and influence skills within strategic international scenarios; on the consolidation of a Quality Management System; on providing culture for the University and for the City of Lisbon; on encouraging social responsibility and sports, health and well-being at ULisboa, as well as improving the infrastructures available for the academic community. Imagem VALUES Intellectual freedom and respect for ethics Societal innovation and development; Democratic participation; Social and environmental responsibility. ReCtor Luís Manuel dos Anjos Ferreira Full Professor Faculty of Veterinary Medicine of Univiversity of Lisbon Licenciatura Degree Veterinary Medicine Masters and Doctoral Degree Veterinary Sciences BIOGRAPHY Imagem See also PREVIOUS RECTORS RECTOR'S EXECUTIVE BOARD 19 Shools 10 Campi 472 Programmes 15,8% of which were a result of collaboration between ULisboa Schools or with other Higher Education Institutions 105 ‘Licenciatura’ Degrees 7 Integrated Master Degrees 226 Master Degrees 134 Doctoral Degrees 128 Diploma Degrees ULisboa Post-Graduation School Data: 2026 51.590 Students (2024/25) 25.984 Students enrolled in 'Licenciatura' Degree 1 st Cycle 14.103 Students enrolled in Master Degrees 2 nd Cycle 3.540 Inscritos na Escola de Pós-Graduação (2024/25) 6.337 Students enrolled in Integrated Master Degree 1 st e 2 nd Cycles 5.166 Students enrolled in Doctoral Degrees 3 rd Cycle ULisboa was first choice to 9.167 students . Data: december 2025 STUDENTS Access 2024/25 1 st Phase of the National Access Data: december 2025 40.491 ULisboa candidates 9.167 1st choice candidates 7.442 National Admission Contest vacancies 7.369 Selected through the 1st phase of the National Admission Contest 15% of the total number of posts in Portuguese higher education 14% of National Public Universities vacancies 59% Colocados na 1.ª opção 12.159 Total Graduates in 2023/2024 6.611 Graduates (2023/24) 5.024 Masters (2023/24) 524 Doctorates (2023/24) Data: december 2025 READ MORE 7.277 Staff (2024) 4.258 Academic staff 82,3% Doctorates (2024) 538 Full time Researchers (2024) 2.481 Non-academic staff (2024) READ MORE Staff 88% Graduates employed 1.429€ Average Monthly First Job Remuneration Gross 79% BA/BSc ‘Licenciatura’ Degrees employed 1.249€ BA/BSc ‘Licenciatura’ Degrees Average Monthly Remuneration 97% BA/BSc +MA/MSc ‘Integrated Master Degrees’ employed 1.567€ BA/BSc +MA/MSc ‘Integrated Master Degrees’ Average Monthly Remuneration 94% MA/MSc ‘Master Degrees’ employed 1.521€ MA/MSc ‘Master Degrees’ Average Monthly Remuneration 97% PhD ‘Doctoral Degrees’ employed 2.505€ PhD ‘Doctoral Degrees’ Average Monthly Remuneration READ MORE Employability ""Lisbon, Erasmus city"" We welcome talents from all over the World To international students, Lisbon is one of their favorite destinations 11.702 International Students from +100 nationalities 7.581 Regular International Students 2024/2025 4.121 International Students in Mobility IN 2024/25 READ MORE Internationalization Creating everlasting value through research 69 Research Units with FCT evaluation 64 Unidades de Investigação avaliadas com Excelente e Muito Bom 88% total da ULisboa 4.849 enrolled students in PhD ‘Doctoral Degrees’ 2021 437 PhD scholarships 437 PhD scholarships 8,35 M€ Montante atribuído em Bolsas de Investigação 2024 184 N.º de Projetos Horizon Europe 22,75 M€ Financiamento atribuído no Horizon Europe 349 N.º de Projetos H2020 2014/20 117,2 Millions of Euros from H2020 338 N.º de participações no Portugal 2020 2014/20 69,37 M€ Financiamento atribuído no Portugal 2020 2014/20 162,1 Millions of Euros budgeted for Innovation and Development 125,1 Millions of Euros from FCT from 2020 to 2023 21 Associated Laboratories 18 Collaborative Laboratories with the participation of ULisboa 50 ERC scholarships ≈67,5 M€ ERC scholarships funding READ MORE Research, Innovation and Technology Transfer numbers 4 and 6 National Unicorns are ULisboa 24 Mil M€ Valor combinado das start-ups fundadas por alumni da ULisboa 75% Contribuição da ULisboa para o valor do ecossistema de Lisboa 18 mil M€ de 24 mil M€ +1000 Startups founded by ULisboa Alumni +170 Spinoffs +850M€ Venture capital raised since 2024 2016 to 2022 64 Empresas acolhidas na incubadora da ULisboa (2015/24) 174 Patent requests 2016 to 2022 SABER MAIS Dados: dezembro 2025 7.463 International Projects 1.185 National Projects ULisboa Scientific Awards 161 Prizes awarded 2016 to 2023 168 Honorable Mention Awards 2016 to 2023 130.000€ Prize amount awarded in 2023 University of Lisbon Awards The University of Lisbon Award, an annual event, aims at distinguishing and awarding a Portuguese or foreign individual for contributing remarkably toward scientific and/or cultural progress and growth as well as the country’s international projection. 2018 António Borges Coelho 2019 Gonçalo M. Tavares 2020 António Guterres 2021 Maria do Carmo Fonseca 2022 Luís Portela 2023 Vítor Cardoso 2024 Irene Fonseca Honoris Causa awarded by University of Lisbon 297 Honoris Causa awarded to distinguished individuals 1 st Portuguese Nobel Prize Imagem 1949 Attributed to Egas Moniz READ MORE Merit Notwithstanding assessment methods or criteria, ULisboa leads the main international rankings and is amongst the 200 best universities worldwide. 1 st Ranking University in Portugal SCIMAGO, ARWU, NTU, CWUR, URAP, CTWS-LEIDEN 1.º Lugar no Ranking das Universidades Empreendedoras em Portugal 5 th Ranking University in the Ibero-American Space SCIMAGO 25 th Ranking European University in Scientific Publications CWTS LEIDEN Shanghai Ranking (ARWU) 201-300 th in the world CWTS Leiden Ranking 25 th in Europe 139 th in the world National Taiwan University Ranking (NTU) 165 th in the world University Ranking by Academic Performance (URAP) 134 th in the world CWUR Ranking 79 th in Europe 218 th in the world Scimago Ranking 35 th in Western Europe 138 th in the world READ MORE Rankings The University of Lisbon includes museums, botanical gardens, collections and cultural heritage of a scientific, historical and artistic nature, that are very significant in the Portuguese and international context. Imagem Heritage and Culture Heritage Museums, Gardens and Observatories Museums 159.531 Visitors per year 9 Exhibition venues and galleries 3 Botanical Gardens 229.899 Visitors per year 6.993 Specimens registered at the Ajuda Botanical Garden 145 Hectares of Green Areas 2 Astronomical Observatories READ MORE Culture 3 Choirs 2.000 Cultural and Scientific Events 2022 1 Academic Orchestra 10 Theatre Groups 1 ULisboa Drama Academic Festival Imagem READ MORE Built Heritage ULisboa is spread out throughout the city and it takes up about 3% of Lisbon’s buildings or structures. The largest part is located at Cidade Universitária (45%) and at the Ajuda/Belém axis (22%) where most of the Schools are. The third most important property axis is the Príncipe Real/Chiado/Lapa (16%), as the remaining property are spread along Jamor, Oeiras, Cascais, Sacavém, Alameda, amongst other places. 12,2M€ in maintenance and facilities per year (2022) 8.701.935M€ in works carried out by SCUL in 2022 3.491.930M€ in works carried out by the Schools in 2022 Sports University Stadium of Lisbon 2 Fitness Academies 1 Olympic Swimming Pool 2 Fitness Academies 7 Large-scale outdoor sports fields 1 Golf Course 3.300 University Stadium of Lisbon users (monthly average, in 2022) 13.383 Marcações de reservas para os diversos espaços e instalações desportivas do Estádio Universitário de Lisboa 16.686 Student Union use of the Stadium’s facilities (in hours) 106 Medals awarded at University National Championships in 2016 1.279 Participations in University Regional Championships in 2017 128 High Competition Students READ MORE Health and Fitness 1 Medical Centre in 2 campi 10 Medical specialties 7.215 Medical appointments 2022 3.638 Atos Médicos 2024 READ MORE 58 Libraries and Documentation Centres 25.912 m² Area occupied by Libraries and Documentation Centres 3.052 Reading Stations 2020 3,78 M Repository Download 2022 2,54 M Bibliographic Records in 2022 6,34 M Bibliographic Search ULisboa 2022 2,69 M Online accesses to B_on 2022 READ MORE Libraries and Documentation Centers Bibliometrics 2019 to 2022 information 23.920 Published Articles in WOS and Scopus 2.435 Author Books 9.525 Book chapters 82.554 WOS and Scopus Quotes Imagem The mission of the ULisboa Press is to publish original books of proven scientific and cultural merit, fundamental works, volumes resulting from unique cultural or institutional projects, whose topics are considered to be of relevant interest to the University. The University of Lisbon Press is also responsible for publishing the ULisboa Magazine. READ MORE 40 Published books 28 Published magazines 5 Data Centers 1.500TB of storage capacity (RAW space) 5,42 Millions of online visitors 2020 ULisboa websites READ MORE IT and Administrative Modernization Income and expenditure 420,87M€ ULisboa Total Budget (2022) 51,5M€ in collected student fees in 2022 93,89M€ own income 266,05M€ Staff expenses in 2022 93,89M€ own income 266,05M€ Staff expenses in 2022 READ MORE Financial Resources 5.557 Scholarship holders 2021/2022 8 Millions of Euros granted through scholarships 1.454,05 Euros average annual scholarship amount granted 2021/22 7.318 Applicants for scholarships (2021/2022) 9 food units 460.572 Meals served 2022 3.412 in dining hall seating capacity 95 Vacancies for Kinder Garden 2022 18 Residences (Students and Teachers) 2022 1.187 Beds (SAS and IST Residencies) (2022) 1.368 Students housed (2022) 1.368 Students housed (2022) Social PRojects Follow us: Menu de rodapé Quick links Schools Social Services Museum Estádio Universitário de Lisboa Alumni ULisboa Agenda Notícias For students Academic Calendar Academic Services Mobility Special Needed Students Student Ombudsman Libraries and Bibliographical Search For teachers and staff Academic Calendar Mobility Contacts Universidade de Lisboa Rectory Alameda da Universidade 1649-004 Lisboa E. reitoria@ulisboa.pt T. +351 217 967 624 | +351 210 113 400 F. +351 210 113 402 All contacts © 2026 Universidade de Lisboa Menu de Rodapé (Secundário) Terms of Use Cookies Policy Technical Sheet Sitemap Menu Principal Study Programmes Licenciatura’s Degree Integrated Masters Degree Masters Degree Doctoral Degree Diploma Programmes Access and Admission National Contest Special Admission Contest for International Students Access and Admission in ULisboa - 1st and 2nd Cycles Master Degree - MSc or MA Gabinete de Acesso ao Ensino Superior Tuition Fees Project to Promote Academic Success and Reduce Higher Education Dropouts Students Mentorado e Tutorado Integração dos estudantes no Ensino Superior Docentes Formação Pedagógica para Docentes Prémios de Inovação Pedagógica Management Tools Desenvolvimento Pedagógico para Docentes Incentivos Formação Pedagógica para Docentes Unite! Teacher Training Courses Prémio de Inovação Pedagógica Comunidades de Prática Support Infrastructures Student Support Services Special Educational Needs Research & Innovation Research Research Portal Research Ecossystem Research Units Associate Laboratories Collaborative Laboratories ERC Grants Partnerships EIT Health EIT Urban Mobility EITInnoEnergy Lisbon Living + Interdisciplinary Research Colleges Food, Farming and Forestry College (F3) Mind-Brain College College of Chemistry Tropical College Interdisciplinary Networks Health (redeSAÚDE) Agro-Food and Forestry (redeAGRO) Smart Urban Mobility (redeMOV) Sea (redeMAR) Sustainable (redeSUSTENTA) Impactful Research Research Support Scientific Information Management Doctoral Scholarships PhD Fellowships Unite! ULisboa Bolsas de Doutoramento PRISC ULisboa Bolsas de PhD scholarships University of Macau ULisboa Universidade de Macau ULisboa PhD Fellowships Angola ULisboa Financing Opportunities Celebrating Science 3 Minute Thesis Verão na ULisboa Open Science Support to Open Science CoARA HR Excellence in Research Policies & Regulations Innovation and Knowledge Transfer Entrepreneurship Education Programme Education and Entrepreneurship ULisboa: Universidade Empreendedora TTC@ULisboa Accelerating Ideas Incubated Companies International Welcome to ULisboa Foreign Languages Courses Practical Information Lisboa Tour@ULisboa ECTS and Evaluation Systems From the world to ULisboa International Student Guide Access and Admission to ULisboa Erasmus+ Key-Action Students Staff Teaching Participants with Special Needs Portuguese Language Course International Credit Mobility Fulbright SMILE Athens Mobility under Cooperation Agreements Foreign Qualifications Linguistic Policy From ULisboa to the World Erasmus+ Key-Action Students PhD students Professors Non-Teaching Staff Participants with Special Needs FAQ'S Foreign Language Courses International Credit Mobility IAESTE Fulbright SMILE Athens Bolsas Internacionais International Cooperation Europe Latin America North America Africa Asia Interinstitutional Agreements Cooperation Agreements Study in Portugal Network Chairs International Visits European Doctoral Degree Tese de Doutoramento em Regime de Cotutela Internacional Unite! ULisboa School Xangai Rector’s Welcome Organization Programmes Contacts Rankings ULisboa Abroad Feiras Internacionais Missões Internacionais Sessões de Esclarecimento Networks and Associations Life at ULisboa Culture Cinema Música na Universidade Grupos Musicais Teatro TUT Cerimónias Académicas Museums Gardens Caleidoscópio Sports and Health Bookstores Student Halls Students Residences outside of ULisboa Dining Halls Student's Unions ULisboa Store The City of Lisbon Menu Principal (Secundário) At a Glance University Organization University’s Governance Bodies General Council Rector Management Board The Senate University Coordination Council Student Ombudsman Schools Research Units Colleges of ULisboa Food, Farming and Forestry College (F3) College of Chemistry Mind Brain College Colégio Tropical University Administration Administrador Reitoria University Stadium of Lisbon Museus e Instituto de Investigação Científica Tropical Pavilhão de Portugal Social Services Human Resourses Training Professional Training Recruitment Teaching competitions Researchers competitions ULisboa Press Merit Rankings Scholarships Student Support Services Special Educational Needs Bolsas de Investigação para estudantes de doutoramento no âmbito do Unite! Widening History ULisboa 10 Years Chronology Previous Rectors Graphic Identity ULisboa logo and Graphic Standarts Brochures and Flyers Campi Evaluation and Quality Social Responsibility Student Support Services Special Educational Needs Equality and Inclusion Volunteering Ethics Schools Social Services News Agenda Menu Principal (Auxiliar) Students Academic Calendar Academic Services Tuition Fees Foreign Qualifications Student Ombudsman From ULisboa to the World Libraries and Bibliographical Search Special Educational Needs Student Documentation Professors and Researchers Pedagogical Development for Professors Pedagogical Training for Professors Formações Unite! Incentivos Pedagogical Innovation Projects Communities of Practice Iniciativas Open Science Mobility programmes for Professors Staff Training Professional Training Lifelong Learning Non-Teaching Staff Non-Teaching Staff Alumni ULisboa Alumni Associations Lifelong Learning Programmes Employability Society International Cooperation Provision of Spaces Espaços da Reitoria da Universidade de Lisboa Espaços do Pavilhão de Portugal Apply What are you looking for? Study Programmes Licenciatura’s Degree Integrated Masters Degree Masters Degree Doctoral Degree Diploma Programmes Access and Admission National Contest Special Admission Contest for International Students Access and Admission in ULisboa - 1st and 2nd Cycles Master Degree - MSc or MA Gabinete de Acesso ao Ensino Superior Tuition Fees Project to Promote Academic Success and Reduce Higher Education Dropouts Students Mentorado e Tutorado Integração dos estudantes no Ensino Superior Docentes Formação Pedagógica para Docentes Prémios de Inovação Pedagógica Management Tools Desenvolvimento Pedagógico para Docentes Incentivos Formação Pedagógica para Docentes Unite! Teacher Training Courses Prémio de Inovação Pedagógica Comunidades de Prática Support Infrastructures Student Support Services Special Educational Needs Research & Innovation Research Research Portal Research Ecossystem Research Units Associate Laboratories Collaborative Laboratories ERC Grants Partnerships EIT Health EIT Urban Mobility EITInnoEnergy Lisbon Living + Interdisciplinary Research Colleges Food, Farming and Forestry College (F3) Mind-Brain College College of Chemistry Tropical College Interdisciplinary Networks Health (redeSAÚDE) ULisboa redeSAÚDE Award Conferences Ciclo Neuroses Coletivas Workshops EIT Health StartHealth@ULisboa Lisbon Living + Agro-Food and Forestry (redeAGRO) Smart Urban Mobility (redeMOV) ULisboa RedeMOV Award EIT Urban Mobility EIT Urban Mobility Master's Programs at ULisboa Sea (redeMAR) Sustainable (redeSUSTENTA) Impactful Research Research Support Scientific Information Management Doctoral Scholarships PhD Fellowships Unite! ULisboa Bolsas de Doutoramento PRISC ULisboa Bolsas de PhD scholarships University of Macau ULisboa Universidade de Macau ULisboa PhD Fellowships Angola ULisboa Financing Opportunities Celebrating Science 3 Minute Thesis Verão na ULisboa Open Science Support to Open Science CoARA HR Excellence in Research Policies & Regulations Innovation and Knowledge Transfer Entrepreneurship Education Programme Education and Entrepreneurship ULisboa: Universidade Empreendedora TTC@ULisboa Accelerating Ideas Incubated Companies International Welcome to ULisboa Foreign Languages Courses Practical Information Lisboa Tour@ULisboa ECTS and Evaluation Systems From the world to ULisboa International Student Guide Access and Admission to ULisboa Erasmus+ Key-Action Students Staff Teaching Participants with Special Needs Portuguese Language Course International Credit Mobility Fulbright SMILE Athens Mobility under Cooperation Agreements Foreign Qualifications Linguistic Policy From ULisboa to the World Erasmus+ Key-Action Students PhD students Professors Non-Teaching Staff Participants with Special Needs FAQ'S Foreign Language Courses International Credit Mobility IAESTE Fulbright SMILE Athens Bolsas Internacionais International Cooperation Europe Latin America North America Africa Asia Interinstitutional Agreements Cooperation Agreements Study in Portugal Network Chairs International Visits European Doctoral Degree Tese de Doutoramento em Regime de Cotutela Internacional Unite! ULisboa School Xangai Rector’s Welcome Organization Programmes Contacts Rankings ULisboa Abroad Feiras Internacionais Missões Internacionais Sessões de Esclarecimento Networks and Associations Life at ULisboa Culture Cinema Música na Universidade Grupos Musicais Teatro TUT Cerimónias Académicas Museums Gardens Caleidoscópio Sports and Health Bookstores Student Halls Students Residences outside of ULisboa Dining Halls Student's Unions ULisboa Store The City of Lisbon At a Glance University Organization University’s Governance Bodies General Council Rector Rectoral Executive Board Management Board The Senate University Coordination Council Student Ombudsman Schools Research Units Colleges of ULisboa Food, Farming and Forestry College (F3) College of Chemistry Mind Brain College Colégio Tropical University Administration Administrador Reitoria Executive Director Administrative Support Office Institutional Studies and Planning Office Legal Affairs Office Academic Department Quality Assurance and Assessment Office Financial Department Information Technology Department Human Resources Department Communication and International Relations Department Cultural Programming Area Documentation, Archive and Publications Department Procurement, Heritage and Projects Department Technical Department ULisboa Incubator University Stadium of Lisbon President Technical and Administrative Support Area Health and Wellness Center Sports Services Center Museus e Instituto de Investigação Científica Tropical Diretora Departamento de Apoio ao Museu e ao IICT Pavilhão de Portugal Executive Director Núcleo de Apoio Técnico e Administrativo Social Services Human Resourses Training Professional Training Recruitment Teaching competitions Researchers competitions ULisboa Press Merit Rankings Scholarships Student Support Services Special Educational Needs Bolsas de Investigação para estudantes de doutoramento no âmbito do Unite! Widening History ULisboa 10 Years Chronology Previous Rectors Graphic Identity ULisboa logo and Graphic Standarts Brochures and Flyers Campi Evaluation and Quality Social Responsibility Student Support Services Special Educational Needs Equality and Inclusion Volunteering Ethics Schools Social Services News Agenda Students Academic Calendar Academic Services Tuition Fees Foreign Qualifications Student Ombudsman From ULisboa to the World Libraries and Bibliographical Search Special Educational Needs Student Documentation Professors and Researchers Pedagogical Development for Professors Pedagogical Training for Professors Formações Unite! Incentivos Pedagogical Innovation Projects Communities of Practice Iniciativas Open Science Mobility programmes for Professors Staff Training Professional Training Lifelong Learning Non-Teaching Staff Non-Teaching Staff Alumni ULisboa Alumni Associations Lifelong Learning Programmes Employability Society International Cooperation Provision of Spaces Espaços da Reitoria da Universidade de Lisboa Espaços do Pavilhão de Portugal","The University of Lisbon is a renowned institution in Portugal, boasting an impressive academic reputation and a strong presence in various fields. With over 9000 foreign students from more than 100 countries, the university offers an international environment that fosters cultural exchange and diversity.

Campus life is vibrant, with state-of-the-art facilities and resources available to support students' learning and research endeavors. The university's location in the heart of Lisbon provides students with a unique opportunity to engage with the city's rich cultural heritage and history while being part of a dynamic community.

For master's students, the University of Lisbon offers a range of programs that focus on cutting-edge research and innovation. With a strong emphasis on interdisciplinary collaboration and industry connections, students can expect to develop valuable skills and knowledge that prepare them for successful careers in their chosen fields.

ULisboa's commitment to career support is evident through its various initiatives, including internships, research projects, and networking opportunities. The university's Research and Innovation Unit provides students with access to state-of-the-art facilities and expertise, enabling them to pursue innovative projects and ideas.

Overall, the University of Lisbon offers a stimulating academic environment that prepares students for success in their chosen fields. With its international student body, diverse programs, and strong industry connections, ULisboa is an excellent choice for master's students looking to enhance their skills and knowledge while being part of a vibrant and dynamic community."
